,,,,,,,Supply and Disposition of Natural Gas,,,,,,,,,,,,,,,,,,,,,,,,,,,,,,,,,,,,,,,,,,,,,,,,,,,,,,,,,,,,,,,,,,,,,,,,,,,,,,,,,,,,,,,,,,,,
,,,,,,,Unit = 103m3,,,,,,,,,,,,,,,,,,,,,,,,,,,,,,,,,,,,,,,,,,,,,,,,,,,,,,,,,,,,,,,,,,,,,,,,,,,,,,,,,,,,,,,,,,,,
 Run Date:  26 March 2018,,,,,,,,,,,,,,,Year To Date,,,,,,,,,,,,,,,,,,,,,,,,,,,,,,,,,,,,,,,,,,,,,,,,,,,,,,,,,,,,,,,,,,,,,,,,,,,,,,,,,,,,
,,Jan,Feb,Mar,Apr,May,Jun,Jul,Aug,Sep,Oct,Nov,Dec,,2017,Jan,Feb,Mar,Apr,May,Jun,Jul,Aug,Sep,Oct,Nov,Dec,,2018,Jan,Feb,Mar,Apr,May,Jun,Jul,Aug,Sep,Oct,Nov,Dec,,2019,Jan,Feb,Mar,Apr,May,Jun,Jul,Aug,Sep,Oct,Nov,Dec,,2020,Jan,Feb,Mar,Apr,May,Jun,Jul,Aug,Sep,Oct,Nov,Dec,,2021,Jan,Feb,Mar,Apr,May,Jun,Jul,Aug,Sep,Oct,Nov,Dec,,2022,Jan,Feb,Mar,Apr,May,Jun,Jul,Aug,Sep,Oct,Nov,Dec,,2023
SUPPLY,,,,,,,,,,,,,,,,,,,,,,,,,,,,,,,,,,,,,,,,,,,,,,,,,,,,,,,,,,,,,,,,,,,,,,,,,,,,,,,,,,,,,,,,,,,,,,,,,,,
Opening Inventory,,"446,432.80","439,099.90","437,425.90","449,362.70","448,171.90","444,108.30","429,053.90","434,684.70","436,464.20","434,671.30","423,630.10","463,353.80",,"446,432.80","456,634.40","457,504.90","463,433.80","467,960.90","468,597.00","451,313.70","456,598.20","448,824.50","438,681.30","443,351.20","446,489.50","449,443.10",,"456,634.40","453,031.70","455,277.60","454,885.90","454,926.20","439,117.70","470,281.50","447,332.50","448,292.80","437,984.80","459,029.60","433,662.30","462,772.90",,"453,031.70","469,052.80","469,503.80","462,862.10","468,701.70","478,589.50","479,962.00","458,628.90","459,563.80","466,539.50","479,648.20","484,594.00","492,253.30",,"469,052.80","522,744.10","542,564.60","542,875.80","543,102.30","526,842.60","517,147.40","525,634.30","531,427.90","517,358.20","504,865.40","512,222.10","531,397.00",,"522,744.10","541,594.60","527,470.60","545,381.10","544,964.20","535,002.80","565,998.10","551,467.20","552,502.90","536,211.30","538,624.60","530,047.70","549,095.10",,"541,594.60",299.2,"582,025.90", -   , -   , -   ,165,64.1, -   ,440.9, -   , -   , -   ,,299.2
,,,,,,,,,,,,,,,,,,,,,,,,,,,,,,,,,,,,,,,,,,,,,,,,,,,,,,,,,,,,,,,,,,,,,,,,,,,,,,,,,,,,,,,,,,,,,,,,,,,
Production,,,,,,,,,,,,,,,,,,,,,,,,,,,,,,,,,,,,,,,,,,,,,,,,,,,,,,,,,,,,,,,,,,,,,,,,,,,,,,,,,,,,,,,,,,,,,,,,,,,
Well Production,,"10,689,130.60","9,643,365.90","10,913,024.40","10,494,594.60","10,531,501.70","10,315,246.10","10,827,696.20","10,479,702.50","10,385,696.00","10,760,182.20","10,805,725.60","11,248,403.10",,"127,094,268.90","11,183,237.50","10,052,478.50","11,179,374.10","10,640,014.70","10,507,475.70","10,111,672.40","10,614,933.70","10,802,923.00","10,298,316.40","10,801,087.60","10,622,226.50","11,159,206.10",,"127,972,946.20","10,876,163.60","9,437,557.50","10,858,226.50","10,475,096.00","10,510,212.20","9,826,364.00","10,260,231.70","10,286,454.80","9,764,783.10","10,383,817.20","10,319,927.00","10,755,878.40",,"123,754,712.00","10,294,609.70","9,892,898.30","10,414,672.30","9,780,845.80","9,827,338.30","9,466,038.00","9,747,136.30","9,693,826.70","9,265,246.90","10,070,300.60","9,884,219.70","10,266,865.10",,"118,603,997.70","10,244,385.60","8,987,500.50","10,445,846.70","10,096,385.70","10,250,240.30","9,810,657.00","10,327,446.40","10,437,431.20","9,858,111.90","10,492,628.10","10,374,739.30","10,436,480.70",,"121,761,853.40","10,488,515.30","9,720,059.60","10,931,604.40","10,800,907.00","10,833,169.40","10,302,665.00","11,044,493.90","10,895,028.80","10,641,232.90","11,111,231.60","10,832,743.90","10,940,554.00",,"128,542,205.80","11,291,477.10","10,232,977.70","11,307,699.30","10,953,807.50","9,837,968.90","10,093,675.10","11,167,014.50","11,227,014.60","10,580,665.20","11,059,138.60","11,155,559.00", -   ,,"118,906,997.50"
In Situ Well Production,,"136,355.70","124,378.60","143,118.90","135,847.50","126,033.50","135,725.90","139,287.90","156,630.90","150,400.60","163,028.40","166,733.30","167,546.90",,"1,745,088.10","169,628.80","149,011.90","164,086.30","162,046.60","167,018.50","160,740.60","185,500.90","189,132.00","177,415.70","170,795.40","155,224.70","178,411.70",,"2,029,013.10","174,069.80","164,963.10","165,103.60","170,066.60","152,774.30","170,594.10","185,411.60","183,992.60","188,639.10","202,676.70","202,497.40","233,343.30",,"2,194,132.20","215,081.50","196,860.70","206,789.20","176,933.30","180,162.50","182,118.40","207,725.40","219,233.80","215,753.30","219,973.40","210,106.80","232,547.70",,"2,463,286.00","235,552.90","209,163.30","234,798.90","231,027.90","227,879.70","233,130.50","250,653.80","263,413.30","245,236.00","263,622.20","264,591.40","279,298.50",,"2,938,368.40","293,250.80","260,933.40","300,199.60","277,297.60","236,064.50","251,419.70","295,954.80","295,606.50","271,659.40","282,745.00","275,950.20","290,671.70",,"3,331,753.20","287,070.00","266,948.40","278,234.00","242,002.00","244,763.80","267,859.20","288,696.00","311,721.90","298,472.00","300,665.30","307,974.50", -   ,,"3,094,407.10"
,,,,,,,,,,,,,,,,,,,,,,,,,,,,,,,,,,,,,,,,,,,,,,,,,,,,,,,,,,,,,,,,,,,,,,,,,,,,,,,,,,,,,,,,,,,,,,,,,,,
Commercial  Storage Withdrawal,,"922,106.10","649,640.60","522,481.70","86,945.30","95,700.40","26,634.40",627.8,"54,631.40","51,657.70","25,690.30","690,426.70","845,661.60",,"3,972,204.00","1,226,004.00","1,258,722.80","698,719.90","147,956.40","88,814.10","5,540.90",671,844.3,"33,248.40","64,560.40","211,299.60","387,496.90",,"4,123,878.70","1,213,766.90","1,603,832.80","612,956.60","12,807.50","68,592.00",838.4,"11,410.90","48,627.10","2,995.30","62,447.70","401,045.50","713,990.40",,"4,753,311.10","1,155,971.90","637,241.80","303,792.60","46,246.00","3,055.70","1,155.30","16,199.70","1,253.90","1,302.20","178,695.10","530,740.80","1,521,977.60",,"4,397,632.60","1,774,168.40","2,128,038.30","523,876.20","55,317.70","37,867.20","85,485.20","56,483.20","17,738.00","21,361.90","223,227.20","460,976.50","1,622,762.30",,"7,007,302.10","1,770,155.20","1,383,031.90","765,025.40","242,981.70","59,217.60","91,300.10","20,168.40","6,650.10","19,581.70","42,335.90","623,875.30","1,716,220.00",,"6,740,543.30","847,242.60","746,697.60","325,641.00","10,580.20","49,136.30","3,982.50","4,264.70","2,191.40","4,080.20","1,496.90","221,067.30", -   ,,"2,216,380.70"
Commercial  Storage Injection,,"-12,775.30","-16,430.30","-115,586.80","-501,234.10","-800,104.30","-755,260.90","-729,750.70","-431,443.00","-512,104.00","-290,575.30","-77,158.70","-11,071.00",,"-4,253,494.40","-31,564.80","-7,450.20","-19,190.30","-240,027.80","-366,181.90","-419,378.10","-446,528.70","-553,696.80","-234,194.90","-228,732.30","-44,897.00","-23,815.60",,"-2,615,658.40","-20,493.00","-7,169.30","-63,910.20","-369,208.00","-406,709.90","-343,803.00","-469,686.60","-365,690.30","-198,697.70","-570,803.80","-130,558.50","-200,456.10",,"-3,147,186.40","-92,664.00","-32,980.30","-191,307.00","-1,049,466.80","-1,350,242.80","-1,303,354.00","-1,103,669.30","-1,077,544.10","-943,524.40","-571,058.70","-68,538.20","-12,108.60",,"-7,796,458.20","-6,386.40","-11,783.20","-107,734.30","-504,754.10","-597,252.30","-632,650.10","-474,760.80","-667,100.00","-679,896.30","-233,943.20","-190,983.20","-10,977.40",,"-4,118,221.30","-51,259.90","-3,581.00","-65,464.20","-197,725.90","-786,617.40","-849,208.30","-1,156,652.70","-1,077,067.80","-728,926.80","-629,531.50","-307,845.90","-7,157.70",,"-5,861,039.10","-79,012.40","-176,190.00","-244,362.00","-1,321,324.40","-1,103,438.80","-928,850.50","-979,941.40","-1,329,306.80","-1,121,994.70","-966,859.70","-183,758.20", -   ,,"-8,435,038.90"
Non-Commercial  Storage Withdrawal,,559.2,607.4,650,720,593.5,252.5,846,684.7,942.4,680,652.2,746.9,,"7,934.80",544.3,482.2,620.7,610.2,554.1,499.3,468.5,526.7,391.2,720.1,487.2,377.6,,"6,282.10",444.2,575.7,989.3,706.3,758,"1,274.90","1,022.90","1,033.40",983.7,899.4,774.1,"3,260.40",,"12,722.30","3,566.30","3,235.50","2,825.10","2,898.00","4,647.00","5,079.50","4,637.80","3,689.50","4,001.10","3,971.90","3,319.80","3,306.10",,"45,177.60","3,081.20","1,165.50","1,011.70",942.9,608.2,756.5,880.6,973.9,898,"1,030.10","1,085.20",946.9,,"13,380.70","3,177.40","3,065.20",817.9,"1,205.30","1,035.00","1,115.30",985.4,959.4,827.9,794.9,"1,426.00",810.9,,"16,220.60",972.5,598.9,972.5,808.8,423,"1,184.10","1,160.80","1,195.20","1,094.60","1,156.90","1,197.70", -   ,,"10,765.00"
Non-Commercial  Storage Injection,,"-4,099.50","-3,492.10","-4,739.60","-4,309.00","-4,925.00","-8,262.00","-4,199.80","-4,244.80","-3,448.20","-3,704.70","-3,356.80","-2,668.40",,"-51,449.90","-2,744.90","-2,936.60","-4,339.80","-3,264.00","-3,553.10","-3,514.80","-6,027.00","-2,810.70","-2,517.90","-2,490.10","-1,873.80","-1,467.60",,"-37,540.30","-2,093.90","-1,888.60","-2,826.10","-2,624.60","-5,569.70","-3,990.70","-1,774.40","-1,478.90","-2,514.50","-2,315.20","-1,747.70","-1,500.00",,"-30,324.30","-1,749.90","-1,786.40","-1,193.60",-894.6,"-1,223.60","-1,435.80","-1,655.00","-2,707.10","-2,555.20","-2,067.50","-2,168.10","-1,598.80",,"-21,035.60","-2,293.30","-2,197.40","-2,296.30","-3,244.60","-3,128.80","-5,002.70","-2,705.90",-871.8,"-2,633.00","-3,503.20","-1,587.00","-2,426.90",,"-31,890.90","-2,366.90","-2,946.90","-6,558.50","-5,335.60","-5,966.00","-5,462.60","-7,211.70","-28,914.30","-13,384.20","-20,755.00","-7,141.40","-5,596.00",,"-111,639.10","-12,388.70","-14,379.10","-8,720.40","-23,204.80","-9,138.30","-29,063.30","-25,586.40","-34,869.30","-34,868.90","-35,015.00","-17,236.70", -   ,,"-244,470.90"
,,,,,,,,,,,,,,,,,,,,,,,,,,,,,,,,,,,,,,,,,,,,,,,,,,,,,,,,,,,,,,,,,,,,,,,,,,,,,,,,,,,,,,,,,,,,,,,,,,,
Total Well Production (net storage),,"11,731,276.80","10,398,070.10","11,458,948.60","10,212,564.30","9,948,799.80","9,714,336.00","10,234,507.40","10,255,961.70","10,073,144.50","10,655,300.90","11,583,022.30","12,248,619.10",,"128,514,551.50","12,545,104.90","11,450,308.60","12,019,270.90","10,707,336.10","10,394,127.40","9,855,560.30","10,349,018.40","10,436,918.50","10,272,658.90","10,805,941.10","10,942,467.20","11,700,209.10",,"131,478,921.40","12,241,857.60","11,197,871.20","11,570,539.70","10,286,843.80","10,320,056.90","9,651,277.70","9,986,616.10","10,152,938.70","9,756,189.00","10,076,722.00","10,791,937.80","11,504,516.40",,"127,537,366.90","11,574,815.50","10,695,469.60","10,735,578.60","8,956,561.70","8,663,737.10","8,349,601.40","8,870,374.90","8,837,752.70","8,540,223.90","9,899,814.80","10,557,680.80","12,010,989.10",,"117,692,600.10","12,248,508.40","11,311,887.00","11,095,502.90","9,875,675.50","9,916,214.30","9,492,376.40","10,157,997.30","10,051,584.60","9,443,078.50","10,743,061.20","10,908,822.20","12,326,084.10",,"127,570,792.40","12,501,471.90","11,360,562.20","11,925,624.60","11,119,330.10","10,336,903.10","9,791,829.20","10,197,738.10","10,092,262.70","10,190,990.90","10,786,820.90","11,419,008.10","12,935,502.90",,"132,658,044.70","12,335,361.10","11,056,653.50","11,659,464.40","9,862,669.30","9,019,714.90","9,408,787.10","10,455,608.20","10,177,947.00","9,727,448.40","10,360,583.00","11,484,803.60", -   ,,"115,549,040.50"
,,,,,,,,,,,,,,,,,,,,,,,,,,,,,,,,,,,,,,,,,,,,,,,,,,,,,,,,,,,,,,,,,,,,,,,,,,,,,,,,,,,,,,,,,,,,,,,,,,,
Oil  Sands  Facility  Production,,"479,320.90","428,968.80","399,925.90","293,292.20","388,484.80","385,111.50","409,565.10","469,816.20","404,760.70","374,280.90","443,791.50","472,588.80",,"4,949,907.30","415,184.40","405,682.10","457,760.90","344,766.10","446,505.60","425,326.70","417,189.50","488,438.70","370,945.60","451,331.40","480,782.60","484,940.40",,"5,188,854.00","485,887.60","444,964.90","475,286.50","437,453.20","436,589.80","463,611.30","513,753.20","495,201.60","406,977.20","385,409.30","419,676.60","481,235.60",,"5,446,046.80","487,379.80","441,019.40","470,627.80","466,191.50","462,933.60","441,545.60","389,574.80","344,094.50","396,793.10","427,202.30","474,797.70","514,597.00",,"5,316,757.10","526,709.10","449,908.60","462,049.30","346,770.20","442,972.70","462,546.80","498,272.60","442,690.70","446,275.40","523,323.60","483,271.20","516,593.90",,"5,601,384.10","512,228.00","472,503.90","501,500.30","472,687.00","454,428.90","450,101.20","483,429.50","430,336.30","398,900.20","437,199.20","505,578.50","532,188.80",,"5,651,081.80","504,546.30","500,112.50","540,368.70","462,394.10","432,533.90","448,811.80","522,808.40","520,834.40","483,890.40","500,722.20","532,909.30", -   ,,"5,449,932.00"
Raw Gas Imports ,,"474,680.70","420,084.90","471,458.80","464,798.60","430,966.20","431,200.20","445,725.20","402,481.60","458,806.40","466,327.10","441,299.90","443,023.90",,"5,350,853.50","439,113.30","391,883.80","446,782.60","434,170.20","414,620.40","399,783.70","433,124.70","426,942.20","435,501.50","452,493.80","431,384.70","426,148.40",,"5,131,949.30","426,371.00","358,511.00","422,704.20","413,440.60","336,135.10","400,935.60","406,689.30","400,748.80","388,035.40","413,747.50","400,800.70","407,720.70",,"4,775,839.90","389,153.20","375,317.50","393,526.50","393,448.60","399,099.40","388,676.10","402,434.80","335,569.70","340,272.30","381,872.80","377,999.00","396,894.70",,"4,574,264.60","392,179.90","334,358.70","388,020.50","391,300.20","404,284.50","380,674.60","401,339.40","395,781.80","369,418.20","376,704.60","374,069.80","370,742.60",,"4,578,874.80","378,767.40","358,297.90","394,310.60","380,949.20","361,914.90","323,736.10","388,182.20","394,165.70","370,631.60","392,719.10","359,012.10","357,707.00",,"4,460,393.80","394,429.10","351,704.30","396,579.80","378,060.60","379,244.10","318,395.80","384,881.80","362,667.70","348,478.20","365,496.30","353,694.20", -   ,,"4,033,631.90"
Total Production,,"12,685,278.40","11,247,123.80","12,330,333.30","10,970,655.10","10,768,250.80","10,530,647.70","11,089,797.70","11,128,259.50","10,936,711.60","11,495,908.90","12,468,113.70","13,164,231.80",,"138,815,312.30","13,399,402.60","12,247,874.50","12,923,814.40","11,486,272.40","11,255,253.40","10,680,670.70","11,199,332.60","11,352,299.40","11,079,106.00","11,709,766.30","11,854,634.50","12,611,297.90",,"141,799,724.70","13,154,116.20","12,001,347.10","12,468,530.40","11,137,737.60","11,092,781.80","10,515,824.60","10,907,058.60","11,048,889.10","10,551,201.60","10,875,878.80","11,612,415.10","12,393,472.70",,"137,759,253.60","12,451,348.50","11,511,806.50","11,599,732.90","9,816,201.80","9,525,770.10","9,179,823.10","9,662,384.50","9,517,416.90","9,277,289.30","10,708,889.90","11,410,477.50","12,922,480.80",,"127,583,621.80","13,167,397.40","12,096,154.30","11,945,572.70","10,613,745.90","10,763,471.50","10,335,597.80","11,057,609.30","10,890,057.10","10,258,772.10","11,643,089.40","11,766,163.20","13,213,420.60",,"137,751,051.30","13,392,467.30","12,191,364.00","12,821,435.50","11,972,966.30","11,153,246.90","10,565,666.50","11,069,349.80","10,916,764.70","10,960,522.70","11,616,739.20","12,283,598.70","13,825,398.70",,"142,769,520.30","13,234,336.50","11,908,470.30","12,596,412.90","10,703,124.00","9,831,492.90","10,175,994.70","11,363,298.40","11,061,449.10","10,559,817.00","11,226,801.50","12,371,407.10", -   ,,"125,032,604.40"
,,,,,,,,,,,,,,,,,,,,,,,,,,,,,,,,,,,,,,,,,,,,,,,,,,,,,,,,,,,,,,,,,,,,,,,,,,,,,,,,,,,,,,,,,,,,,,,,,,,
Receipts,,,,,,,,,,,,,,,,,,,,,,,,,,,,,,,,,,,,,,,,,,,,,,,,,,,,,,,,,,,,,,,,,,,,,,,,,,,,,,,,,,,,,,,,,,,,,,,,,,,
Entrained Gas,,"1,233.20","1,116.00","1,330.30","1,227.40","1,177.40","1,070.30","1,121.20","1,152.40",908.8,848.8,934.1,939.5,,"13,059.40","1,044.60",993.8,"1,014.00",906.3,887.3,945.8,945.1,947.5,567.9,961.1,"1,003.50","1,009.70",,"11,226.60",866.8,856.8,959.3,927.4,985.8,916.4,909.3,821.7,635.9,716,784.1,851.8,,"10,231.30",837.4,789.5,783.2,641.3,693.8,623.2,621.6,674.4,636.7,801.5,759.1,773.7,,"8,635.40","1,187.80",772.6,803.7,797.1,648.8,610.2,949.3,701.7,692.2,808.9,907,945.7,,"9,825.00","1,003.60",810.4,"1,040.80",841.3,876.8,"1,049.50","1,097.90","1,208.80",804.3,"1,149.20","1,249.20","1,658.50",,"12,790.30","1,283.10","1,228.70","1,602.90","1,083.00",768,703.1,950.6,789.6,784.6,849.8,880.9, -   ,,"10,924.30"
Acid Gas  ,,"27,440.90","24,751.30","26,883.10","27,123.40","26,156.30","26,885.70","26,470.80","27,100.90","21,723.90","27,049.00","26,898.60","26,762.20",,"315,246.10","26,437.40","17,887.90","21,558.90","24,123.30","24,056.90","21,024.30","22,101.40","20,850.60","23,286.60","24,603.10","29,938.50","33,235.20",,"289,104.10","33,162.90","25,368.10","30,496.50","28,866.00","24,363.10","23,239.50","23,920.20","24,469.70","23,013.70","28,907.90","30,871.90","34,280.40",,"330,959.90","30,658.30","30,795.20","31,641.70","29,575.70","28,657.40","26,733.10","27,668.90","27,583.10","24,948.80","33,165.30","35,659.50","37,416.60",,"364,503.60","37,596.70","31,258.20","38,397.70","38,612.10","39,183.00","35,697.40","39,148.30","42,142.00","39,797.00","40,602.20","41,660.30","41,803.20",,"465,898.10","41,611.60","39,847.60","45,182.80","46,308.50","45,711.70","41,467.50","45,081.00","46,937.30","41,888.70","43,103.40","43,193.70","46,445.80",,"526,779.60","46,014.20","39,527.60","44,976.10","44,277.10","35,634.60","40,627.90","45,064.50","43,460.60","34,612.20","38,792.80","43,173.50", -   ,,"456,161.10"
CO2,,"67,835.00","60,735.70","67,051.00","57,967.90","46,323.10","49,543.80","45,647.70","63,050.20","57,631.60","51,119.10","52,591.10","55,967.80",,"675,464.00","49,841.00","50,520.80","54,263.70","37,729.70","37,724.50","58,932.00","60,586.30","63,196.80","54,883.10","48,137.20","62,100.00","72,211.50",,"650,126.60","62,072.30","60,254.60","71,687.20","54,910.80","49,156.40","48,579.50","72,189.20","73,325.00","70,241.10","76,998.00","72,767.50","73,755.00",,"785,936.60","66,595.80","61,361.60","91,967.00","111,269.40","124,672.60","111,422.70","91,995.90","64,202.40","87,447.90","113,659.30","121,756.30","119,884.50",,"1,166,235.40","149,360.30","118,531.20","128,875.70","124,494.50","145,578.20","144,752.90","161,342.50","153,455.10","141,375.40","158,696.60","156,539.00","158,437.00",,"1,741,438.40","136,006.00","128,559.50","141,119.00","139,147.70","147,726.20","153,422.00","167,138.90","127,127.30","109,480.70","117,275.80","122,920.40","161,961.20",,"1,651,884.70","174,500.80","162,768.80","177,792.40","139,953.00","163,296.90","164,179.40","178,369.70","176,289.90","182,319.20","163,113.20","178,019.20", -   ,,"1,860,602.50"
Oil  Sands  Facilities Receipts  ,,"447,055.20","399,593.80","444,192.70","434,458.00","365,329.30","355,794.40","353,365.10","351,103.20","305,606.90","362,787.50","482,439.40","547,857.90",,"4,849,583.40","612,196.10","521,854.50","548,251.50","472,291.90","454,845.10","412,657.50","445,761.10","419,207.50","447,205.30","484,324.60","538,728.30","563,496.10",,"5,920,819.50","567,770.10","550,180.90","551,191.90","488,311.30","432,842.10","384,936.10","396,096.20","414,926.10","421,779.30","518,755.70","555,237.10","577,676.90",,"5,859,703.70","583,516.70","542,977.90","580,633.60","516,396.10","431,207.70","388,671.60","367,571.10","365,133.00","428,658.10","507,933.40","523,800.70","547,686.30",,"5,784,186.20","532,244.80","520,255.50","576,989.80","469,752.00","416,218.20","407,508.60","395,397.20","409,157.30","428,891.10","458,955.60","466,006.30","590,006.10",,"5,671,382.50","580,199.30","503,506.40","511,495.30","445,847.70","429,943.60","424,265.20","433,242.20","423,113.90","427,175.70","507,985.60","504,687.20","161,961.20",,"5,791,742.60","559,791.60","481,923.20","550,346.60","435,448.40","393,702.90","421,465.30","394,593.60","401,126.00","441,172.50","516,426.60","531,492.50", -   ,,"5,127,489.20"
Intra  AB Receipts ,,"53,802.60","48,908.10","53,310.40","48,707.80","43,156.20","38,566.30","43,874.50","43,522.20","42,421.50","46,954.90","47,796.10","51,901.50",,"562,922.10","56,037.20","48,313.70","51,188.60","46,473.10","45,147.20","43,384.50","42,052.50","46,288.10","45,361.40","49,391.30","46,425.70","58,320.80",,"578,384.10","59,204.40","56,470.90","61,915.60","56,189.40","54,926.40","53,155.90","53,297.90","52,019.80","51,229.60","54,832.30","55,817.40","60,782.30",,"669,841.90","61,717.90","58,182.80","77,898.10","100,779.20","103,306.90","92,675.10","99,653.10","100,479.50","103,446.70","100,436.00","112,475.70","103,303.90",,"1,114,354.90","117,077.60","81,782.70","90,054.80","108,606.40","115,467.20","101,634.00","111,091.40","118,970.10","95,464.20","108,678.90","105,249.50","112,588.30",,"1,266,665.10","104,631.00","106,725.10","122,710.90","119,678.40","113,780.60","102,117.40","113,320.30","70,688.30","54,132.10","64,549.20","77,631.00","161,961.20",,"1,170,989.30","134,201.60","117,242.20","129,072.70","107,467.00","114,406.20","115,173.40","128,090.10","125,416.30","119,191.70","127,303.30","117,374.20", -   ,,"1,334,938.70"
Processed Gas Imports,,"450,309.80","373,129.40","402,458.20","414,128.00","357,865.00","401,663.50","364,242.00","379,393.60","527,190.10","396,239.00","455,171.30","432,227.20",,"4,954,017.10","454,619.40","386,216.00","444,229.10","398,563.40","321,261.40","355,917.10","385,627.70","389,852.70","431,037.90","2,204,549.20","2,026,866.70","2,244,634.20",,"10,043,374.80","2,218,300.50","1,896,203.70","2,225,698.40","2,075,090.70","1,922,654.30","1,993,519.60","2,092,335.40","2,121,217.80","1,935,788.40","2,107,876.00","2,127,736.30","2,135,302.10",,"24,851,723.20","2,128,490.90","2,178,384.20","2,520,127.60","2,569,840.40","2,652,828.40","2,467,645.10","2,515,809.70","2,404,218.50","2,400,981.30","2,580,453.30","2,592,617.70","2,557,373.40",,"29,568,770.50","2,722,958.30","2,454,368.40","2,831,452.40","2,770,914.50","2,701,939.40","2,721,062.20","2,827,786.30","2,815,571.60","3,058,683.30","2,887,096.60","3,035,728.20","3,142,828.40",,"33,970,389.60","3,054,697.20","2,840,608.10","3,070,661.20","3,073,393.50","3,107,216.90","2,811,324.30","3,113,773.10","3,117,303.50","3,059,284.00","3,275,064.10","3,345,223.60","161,961.20",,"37,474,488.80","3,482,692.00","3,112,198.20","3,488,193.50","3,402,128.00","3,464,797.60","3,522,923.80","3,413,959.40","3,521,055.70","3,472,228.70","3,711,597.40","3,448,080.50", -   ,,"38,039,854.80"
Total Receipts,,"1,047,676.70","908,234.30","995,225.70","983,612.50","840,007.30","873,524.00","834,721.30","865,322.50","955,482.80","884,998.30","1,065,830.60","1,115,656.10",,"11,370,292.10","1,200,175.70","1,025,786.70","1,120,505.80","980,087.70","883,922.40","892,861.20","957,074.10","940,343.20","1,002,342.20","2,811,966.50","2,705,062.70","2,972,907.50",,"17,493,035.70","2,941,377.00","2,589,335.00","2,941,948.90","2,704,295.60","2,484,928.10","2,504,347.00","2,638,748.20","2,686,780.10","2,502,688.00","2,788,085.90","2,843,214.30","2,882,648.50",,"32,508,396.60","2,871,817.00","2,872,491.20","3,303,051.20","3,328,502.10","3,341,366.80","3,087,770.80","3,103,320.30","2,962,290.90","3,046,119.50","3,336,448.80","3,387,069.00","3,366,438.40",,"38,006,686.00","3,560,425.50","3,206,968.60","3,666,574.10","3,513,176.60","3,419,034.80","3,411,265.30","3,535,715.00","3,539,997.80","3,764,903.20","3,654,838.80","3,806,090.30","4,046,608.70",,"43,125,598.70","3,918,148.70","3,620,057.10","3,892,210.00","3,825,217.10","3,845,255.80","3,533,645.90","3,873,653.40","3,786,379.10","3,692,765.50","4,009,127.30","4,094,905.10","161,961.20",,"46,628,675.30","4,398,483.30","3,914,888.70","4,391,984.20","4,130,356.50","4,172,606.20","4,265,072.90","4,161,027.90","4,268,138.10","4,250,308.90","4,558,083.10","4,319,020.80", -   ,,"46,829,970.60"
,,,,,,,,,,,,,,,,,,,,,,,,,,,,,,,,,,,,,,,,,,,,,,,,,,,,,,,,,,,,,,,,,,,,,,,,,,,,,,,,,,,,,,,,,,,,,,,,,,,
Field Gas Use,,,,,,,,,,,,,,,,,,,,,,,,,,,,,,,,,,,,,,,,,,,,,,,,,,,,,,,,,,,,,,,,,,,,,,,,,,,,,,,,,,,,,,,,,,,,,,,,,,,
Flare,,"45,234.10","45,803.90","56,471.70","45,509.60","53,259.40","52,227.50","54,313.50","59,814.90","58,716.40","60,154.40","61,423.70","63,029.00",,"655,958.10","61,290.20","61,127.30","69,223.70","58,122.00","59,481.10","58,284.30","63,483.40","58,957.90","50,352.00","48,492.60","50,455.60","50,502.60",,"689,772.70","47,240.60","52,002.10","49,951.50","47,636.50","53,582.90","56,642.60","58,354.60","51,738.50","66,458.10","66,020.10","60,755.40","58,116.80",,"668,499.70","76,459.60","67,265.60","70,232.50","48,824.80","45,653.90","51,866.50","59,510.30","63,584.00","65,931.80","66,541.70","64,717.00","68,454.20",,"749,041.90","64,587.90","68,796.60","72,724.40","71,477.10","74,427.80","80,445.90","78,963.70","81,769.10","77,180.40","78,428.80","77,590.80","85,564.60",,"911,957.10","79,197.70","72,451.30","77,146.00","79,880.60","78,844.20","83,665.50","84,357.40","84,187.00","83,806.10","88,189.20","89,938.00","94,151.30",,"995,814.30","94,999.40","89,712.10","100,147.00","92,035.80","95,564.60","100,236.60","97,572.20","98,566.00","95,941.40","102,798.70","100,492.70", -   ,,"1,068,066.50"
Fuel,,"814,140.30","738,625.30","821,076.30","759,313.40","747,241.90","713,001.00","753,194.60","746,234.60","741,465.10","793,346.80","801,353.40","839,979.50",,"9,268,972.20","852,160.60","771,362.30","840,706.70","794,556.10","754,847.70","738,669.10","773,882.40","780,728.40","754,131.20","818,726.90","809,493.30","849,588.60",,"9,538,853.30","840,332.70","775,421.70","837,335.40","786,901.50","772,319.90","723,708.50","765,860.70","777,195.80","735,360.60","806,490.80","816,001.90","850,459.20",,"9,487,388.70","826,143.80","772,195.00","828,110.30","729,350.70","696,764.80","669,803.20","705,730.80","706,140.40","685,901.90","759,117.90","731,441.30","775,659.80",,"8,886,359.90","788,897.70","718,647.00","780,296.80","721,776.50","720,473.40","693,782.00","725,196.90","722,087.40","698,795.30","754,818.30","765,921.50","803,939.80",,"8,894,632.60","791,931.90","728,163.00","767,521.70","733,886.90","717,484.90","670,079.70","719,819.50","709,233.00","689,571.70","740,878.90","757,595.90","792,880.90",,"8,819,048.00","810,553.80","732,597.70","808,092.60","752,143.30","665,250.60","668,549.00","712,074.80","714,661.10","675,776.20","738,165.30","727,533.30", -   ,,"8,005,397.70"
Vent,,"18,088.30","16,837.90","17,892.40","15,350.40","15,968.60","15,934.70","16,113.40","16,511.40","16,411.10","17,566.00","18,150.60","17,483.00",,"202,307.80","17,031.60","15,564.20","16,295.50","15,031.10","16,183.30","14,822.40","16,062.30","14,815.30","14,488.10","14,388.20","13,072.60","14,761.50",,"182,516.10","12,962.20","11,351.90","13,907.40","12,911.50","13,157.90","13,250.30","13,324.80","14,139.20","15,719.70","16,117.30","16,065.40","17,532.50",,"170,440.10","32,296.70","31,385.30","31,460.50","26,711.20","24,850.40","23,891.70","25,850.10","25,969.90","24,715.40","32,140.20","33,187.90","34,075.10",,"346,534.40","32,707.30","29,931.00","33,087.00","30,129.00","26,486.90","24,755.10","25,909.20","25,844.50","24,691.20","32,106.10","32,292.40","32,308.30",,"350,248.00","32,635.00","30,156.20","32,765.80","30,443.50","26,364.20","24,064.00","25,108.60","24,434.60","23,533.60","29,064.70","28,410.60","28,874.00",,"335,854.80","29,745.20","26,771.60","28,675.30","23,579.80","20,506.40","19,248.30","20,835.50","20,731.30","19,346.30","25,688.70","25,565.30", -   ,,"260,693.70"
Shrinkage,,"737,203.40","655,076.70","751,328.50","689,334.60","665,272.10","687,355.80","740,013.20","698,321.20","709,847.40","738,569.20","740,029.80","779,896.10",,"8,592,248.00","759,644.70","677,187.80","740,843.30","699,038.30","663,461.10","653,304.50","702,901.30","747,468.40","698,561.10","767,106.60","745,143.30","794,245.40",,"8,648,905.80","761,208.70","664,742.60","760,304.20","747,812.30","753,750.40","696,182.60","728,183.10","764,228.70","730,828.60","765,007.70","782,753.50","801,819.60",,"8,956,822.00","758,186.80","728,901.90","763,879.90","737,957.60","726,421.60","714,657.80","746,472.20","716,925.50","675,478.60","771,863.90","757,616.20","773,401.00",,"8,871,763.00","789,929.10","678,276.50","796,522.30","761,852.10","764,096.30","721,428.20","756,429.20","730,588.70","634,145.60","757,068.60","763,712.10","771,567.20",,"8,925,615.90","774,813.80","716,425.40","812,847.70","775,921.20","752,015.30","698,654.20","800,074.10","764,450.30","757,278.30","801,044.90","769,022.40","787,637.70",,"9,210,185.30","793,674.80","722,646.90","814,866.00","779,979.90","684,734.40","682,289.40","794,582.70","812,940.90","770,550.60","819,714.90","845,835.30", -   ,,"8,521,815.80"
Total Field Gas Use,,"1,614,666.10","1,456,343.80","1,646,768.90","1,509,508.00","1,481,742.00","1,468,519.00","1,563,634.70","1,520,882.10","1,526,440.00","1,609,636.40","1,620,957.50","1,700,387.60",,"18,719,486.10","1,690,127.10","1,525,241.60","1,667,069.20","1,566,747.50","1,493,973.20","1,465,080.30","1,556,329.40","1,601,970.00","1,517,532.40","1,648,714.30","1,618,164.80","1,709,098.10",,"19,060,047.90","1,661,744.20","1,503,518.30","1,661,498.50","1,595,261.80","1,592,811.10","1,489,784.00","1,565,723.20","1,607,302.20","1,548,367.00","1,653,635.90","1,675,576.20","1,727,928.10",,"19,283,150.50","1,693,086.90","1,599,747.80","1,693,683.20","1,542,844.30","1,493,690.70","1,460,219.20","1,537,563.40","1,512,619.80","1,452,027.70","1,629,663.70","1,586,962.40","1,651,590.10",,"18,853,699.20","1,676,122.00","1,495,651.10","1,682,630.50","1,585,234.70","1,585,484.40","1,520,411.20","1,586,499.00","1,560,289.70","1,434,812.50","1,622,421.80","1,639,516.80","1,693,379.90",,"19,082,453.60","1,678,578.40","1,547,195.90","1,690,281.20","1,620,132.20","1,574,708.60","1,476,463.40","1,629,359.60","1,582,304.90","1,554,189.70","1,659,177.70","1,644,966.90","1,703,543.90",,"19,360,902.40","1,728,973.20","1,571,728.30","1,751,780.90","1,647,738.80","1,466,056.00","1,470,323.30","1,625,065.20","1,646,899.30","1,561,614.50","1,686,367.60","1,699,426.60", -   ,,"17,855,973.70"
,,,,,,,,,,,,,,,,,,,,,,,,,,,,,,,,,,,,,,,,,,,,,,,,,,,,,,,,,,,,,,,,,,,,,,,,,,,,,,,,,,,,,,,,,,,,,,,,,,,
Processed Gas Use,,,,,,,,,,,,,,,,,,,,,,,,,,,,,,,,,,,,,,,,,,,,,,,,,,,,,,,,,,,,,,,,,,,,,,,,,,,,,,,,,,,,,,,,,,,,,,,,,,,
Flare,,819.1,794.8,793.6,861,"1,943.30","3,156.80","4,863.30","4,433.30","3,593.70","3,621.70","1,970.60","1,064.50",,"27,915.70","4,567.90","3,510.80",781.6,"3,016.20","3,671.90","2,092.00","2,762.10","1,099.40","1,564.30","1,188.10","1,263.60","1,000.80",,"26,518.70",924.4,826.3,"2,201.00","3,741.30","1,941.70","1,231.80","1,053.00","1,089.20","1,265.20","1,219.10","1,995.60","2,258.30",,"19,746.90","3,142.10","2,620.10","1,758.60","1,548.90","1,564.50","1,627.80","1,431.30","1,449.40","2,278.40","1,768.00","2,060.10","2,061.80",,"23,311.00","1,948.00","2,179.30","2,705.80","2,052.00","2,229.70","2,648.50","2,616.30","2,146.10","1,998.90","1,927.00","2,276.70","2,559.20",,"27,287.50","2,682.20","2,306.50","2,419.80","2,196.00","2,709.10","2,493.30","2,751.10","3,435.40","2,425.30","4,211.40","2,591.00","2,434.30",,"32,655.40","2,903.80","2,446.40","3,182.40","3,122.80","3,573.40","3,843.30","3,919.80","3,173.00","2,770.00","39,623.80","3,198.40", -   ,,"71,757.10"
Fuel,,"152,455.30","141,336.50","154,691.40","149,586.80","146,274.00","125,647.40","145,243.20","143,112.30","139,284.00","138,617.20","136,592.10","151,073.80",,"1,723,914.00","152,928.60","144,913.50","133,173.90","130,517.60","128,056.90","138,735.10","136,246.20","130,820.60","135,696.10","133,923.20","141,501.40","140,009.20",,"1,646,522.30","146,169.60","130,003.20","140,983.40","132,625.50","132,669.50","130,021.50","134,633.40","134,900.60","113,560.90","129,640.50","135,771.30","141,374.90",,"1,602,354.30","147,739.10","137,407.70","149,256.10","136,877.00","137,289.90","132,739.30","135,811.00","136,904.80","123,790.50","126,777.10","131,167.60","146,264.50",,"1,642,024.60","156,618.10","140,705.10","156,509.50","150,891.00","155,100.20","142,892.10","159,183.60","162,907.60","121,348.20","142,531.30","146,004.50","168,861.00",,"1,803,552.20","169,219.00","152,105.20","177,507.40","169,481.40","174,626.50","163,192.20","167,069.70","161,054.50","148,751.30","169,938.70","156,485.80","155,610.50",,"1,965,042.20","181,104.70","163,346.30","181,934.90","173,569.60","152,102.50","151,881.20","162,850.10","165,768.10","161,270.20","164,358.20","168,821.90", -   ,,"1,827,007.70"
Vent,,177.9,148.2,161.1,150.1,153.9,154.9,156.1,133.8,147.5,154.4,151.9,159.5,,"1,849.30",131.3,118.9,166.2,136.7,137.3,143.5,115.2,149.5,160.7,165.9,131,127.9,,"1,684.10",133.8,111.7,142.6,153.3,167.1,93.4,121.5,128,131.4,107.7,128,142.6,,"1,561.10",366.9,388.1,386.9,370.9,396.3,404.7,454.4,464.6,491.1,605.5,556.2,818.3,,"5,703.90",598.1,587.3,659.1,574.6,547.2,574,565.3,573.2,519.4,497.2,549.2,749.5,,"6,994.10",644.9,566.2,675.4,668.6,652.5,659.7,713.9,679.7,698.6,746.5,783.9,791.2,,"8,281.10",805.9,776.1,838.9,803.9,757.3,677.3,780.9,969,908.5,"1,017.70",897.4, -   ,,"9,232.90"
Shrinkage,,"330,481.20","268,943.60","301,729.70","253,340.80","249,649.80","186,009.50","253,178.40","225,631.40","234,892.40","250,459.50","231,986.70","306,085.40",,"3,092,388.40","295,071.70","264,567.40","288,597.10","262,859.40","251,819.70","167,220.20","249,802.00","291,840.20","280,722.20","258,287.30","283,423.80","310,408.20",,"3,204,619.20","314,496.50","272,066.70","314,625.60","268,381.40","274,195.40","261,693.70","285,505.20","290,503.00","267,342.00","239,376.80","272,936.40","283,690.80",,"3,344,813.50","292,034.30","256,056.60","297,789.00","265,904.60","296,163.30","302,346.80","287,023.60","244,524.70","243,551.70","270,374.80","252,607.40","275,776.40",,"3,284,153.20","275,296.00","253,052.50","284,882.90","279,290.00","302,062.60","280,180.60","314,667.10","253,895.10","200,565.40","255,748.40","246,738.30","244,645.50",,"3,191,024.40","269,189.50","251,493.40","308,524.30","265,759.90","251,201.10","296,226.50","295,064.10","257,418.50","214,447.70","314,104.00","264,190.70","274,921.80",,"3,262,541.50","286,065.90","257,389.30","288,703.80","236,285.20","178,312.30","238,370.30","315,698.20","273,309.00","269,842.80","275,177.50","246,596.80", -   ,,"2,865,751.10"
Waste  Plant  Use,,"2,885.00","2,767.60","2,913.40","2,318.60","2,201.70","1,881.00","1,776.60","1,771.90","1,950.90","2,540.10","3,075.40","3,017.00",,"29,099.20","3,255.50","2,900.80","2,843.60","2,545.00","2,024.00","1,785.40","1,967.40","1,965.70","2,436.50","3,038.10","2,731.10","2,868.70",,"30,361.80","3,059.90","3,240.10","2,886.20","2,488.70","2,273.60","1,813.00","1,897.60","2,047.40","1,940.70","2,229.00","2,499.90","2,799.80",,"29,175.90","3,258.40","2,918.40","2,871.40","2,184.00","1,346.80","1,258.90","1,253.10","1,318.40","1,293.10","1,916.80","2,125.90","2,346.70",,"24,091.90","2,501.40","2,470.30","2,177.20","1,902.10","1,705.00","1,359.00","1,322.30","1,438.60","1,463.70","1,777.10","1,986.50","2,413.80",,"22,517.00","2,502.80","2,179.20","2,180.50","1,823.40","1,603.20","1,376.30","1,233.70","1,218.50","1,267.40","1,559.60","2,050.60","2,487.30",,"21,482.50","2,571.80","2,197.50","2,312.50","1,724.50","1,066.00","1,161.30","1,388.70","1,359.80","1,327.40","1,792.40","2,263.20", -   ,,"19,165.10"
Total Processed Gas Use,,"486,818.50","413,990.70","460,289.20","406,257.30","400,222.70","316,849.60","405,217.60","375,082.70","379,868.50","395,392.90","373,776.70","461,400.20",,"4,875,166.60","455,955.00","416,011.40","425,562.40","399,074.90","385,709.80","309,976.20","390,892.90","425,875.40","420,579.80","396,602.60","429,050.90","454,414.80",,"4,909,706.10","464,784.20","406,248.00","460,838.80","407,390.20","411,247.30","394,853.40","423,210.70","428,668.20","384,240.20","372,573.10","413,331.20","430,266.40",,"4,997,651.70","446,540.80","399,390.90","452,062.00","406,885.40","436,760.80","438,377.50","425,973.40","384,661.90","371,404.80","401,442.20","388,517.20","427,267.70",,"4,979,284.60","436,961.60","398,994.50","446,934.50","434,709.70","461,644.70","427,654.20","478,354.60","420,960.60","325,895.60","402,481.00","397,555.20","419,229.00",,"5,051,375.20","444,238.40","408,650.50","491,307.40","439,929.30","430,792.40","463,948.00","466,832.50","423,806.60","367,590.30","490,560.20","426,102.00","436,245.10",,"5,290,002.70","473,452.10","426,155.60","476,972.50","415,506.00","335,811.50","395,933.40","484,637.70","444,578.90","436,118.90","481,969.60","421,777.70", -   ,,"4,792,913.90"
,,,,,,,,,,,,,,,,,,,,,,,,,,,,,,,,,,,,,,,,,,,,,,,,,,,,,,,,,,,,,,,,,,,,,,,,,,,,,,,,,,,,,,,,,,,,,,,,,,,
Closing Inventory,,"439,099.90","437,425.90","449,362.70","448,171.90","444,108.30","429,053.90","434,684.70","436,464.20","434,671.30","423,630.10","463,353.80","456,634.40",,"456,634.40","457,504.90","463,433.80","467,960.90","468,597.00","451,313.70","456,598.20","448,824.50","438,681.30","443,351.20","446,489.50","449,443.10","453,031.70",,"453,031.70","455,277.60","454,885.90","454,926.20","439,117.70","470,281.50","447,332.50","448,292.80","437,984.80","459,029.60","433,662.30","462,772.90","469,052.80",,"469,052.80","469,503.80","462,862.10","468,701.70","478,589.50","479,962.00","458,628.90","459,563.80","466,539.50","479,648.20","484,594.00","492,253.30","522,744.10",,"522,744.10","542,564.60","542,875.80","543,102.30","526,842.60","517,147.40","525,634.30","531,427.90","517,358.20","504,865.40","512,222.10","531,397.00","541,594.60",,"541,594.60","527,470.60","545,381.10","544,964.20","535,002.80","565,998.10","551,467.20","552,502.90","536,211.30","538,624.60","530,047.70","549,095.10",299.2,,299.2,"582,025.90", -   , -   , -   ,165,64.1, -   ,440.9, -   , -   ,151.8, -   ,,"582,025.90"
Adjustments,,"-59,843.40","-63,561.20","-54,471.70","-12,078.70","-23,776.30","-36,990.60","-59,739.40","-64,661.60","-69,401.20","-86,986.40","-78,408.70","-88,211.90",,"-698,131.10","-59,849.60","-45,971.00","-62,042.40","-34,698.30","-30,961.60","-59,960.00","-47,887.80","-37,563.70","-55,291.90","-65,664.90","-70,655.20","-75,387.70",,"-645,934.10","-71,547.80","-55,619.20","-61,553.60","-85,157.90","-107,562.30","-90,631.00","-102,611.00","-117,192.20","-122,299.90","-132,516.50","-120,626.70","-115,347.40",,"-1,182,665.50","-100,969.50","-96,362.10","-132,624.20","-108,980.80","-132,813.10","-121,681.10","-122,097.40","-128,485.30","-124,861.00","-160,008.40","-138,333.50","-126,976.30",,"-1,494,192.70","-134,649.90","-114,495.50","-134,722.50","-115,339.80","-119,976.10","-128,965.20","-122,407.90","-141,242.90","-134,832.60","-155,673.30","-152,256.40","-143,766.50",,"-1,598,328.60","-93,722.70","-115,075.30","-110,489.30","-114,082.10","-108,210.40","-87,964.30","-105,313.60","-94,450.10","-102,096.40","-123,220.10","-127,052.00","-111,469.00",,"-1,293,145.30","-90,194.20","-94,992.50","-127,623.50","-99,803.40","-102,773.90","-114,742.80","-104,621.90","-70,333.90","-92,280.80","-132,343.20","-106,022.90", -   ,,"-1,135,733.00"
,,,,,,,,,,,,,,,,,,,,,,,,,,,,,,,,,,,,,,,,,,,,,,,,,,,,,,,,,,,,,,,,,,,,,,,,,,,,,,,,,,,,,,,,,,,,,,,,,,,
TOTAL NATURAL GAS SUPPLY,,"11,578,960.00","10,223,136.40","11,152,092.40","10,027,614.40","9,706,580.70","9,596,866.90","9,890,296.50","10,031,176.10","9,918,277.60","10,299,932.70","11,421,077.70","12,036,607.60",,"125,882,619.00","12,392,776.10","11,280,508.30","11,885,119.10","10,465,203.30","10,245,814.50","9,733,230.90","10,169,070.30","10,237,376.70","10,083,374.20","12,407,612.70","12,438,872.70","13,341,716.20",,"134,680,675.00","13,895,171.10","12,625,688.30","13,226,548.10","11,770,031.80","11,434,925.40","11,067,852.20","11,453,301.60","11,592,814.60","10,977,937.70","11,530,606.50","12,216,984.70","12,996,299.40",,"144,788,161.40","13,082,117.30","12,295,438.60","12,618,575.10","11,076,105.60","10,802,499.80","10,268,649.20","10,679,135.70","10,446,965.10","10,362,006.60","11,849,278.60","12,676,074.10","14,052,594.30",,"140,209,440.00","14,460,268.90","13,293,670.60","13,347,632.80","12,007,898.00","12,025,096.30","11,661,345.60","12,400,269.20","12,321,631.40","12,140,627.40","13,109,995.40","13,363,750.20","14,993,456.30",,"155,125,642.10","15,108,200.50","13,722,588.90","14,421,984.50","13,634,001.20","12,853,796.00","12,085,467.60","12,740,461.80","12,618,873.80","12,626,998.50","13,361,485.40","14,161,335.50","16,660,246.90",,"163,995,440.60","14,758,473.60","14,312,508.50","14,632,020.20","12,670,432.30","12,099,292.70","12,460,169.00","13,310,065.60","13,167,334.20","12,720,552.60","13,484,204.20","14,463,048.90", -   ,,"148,078,101.80"
 Run Date:  26 March 2018,,,,,,,,,,,,,,,Year To Date,,,,,,,,,,,,,,Year To Date,,,,,,,,,,,,,,Year To Date,,,,,,,,,,,,,,Year To Date,,,,,,,,,,,,,,Year To Date,,,,,,,,,,,,,,Year To Date,,,,,,,,,,,,,,Year To Date
,,Jan,Feb,Mar,Apr,May,Jun,Jul,Aug,Sep,Oct,Nov,Dec,,2017,Jan,Feb,Mar,Apr,May,Jun,Jul,Aug,Sep,Oct,Nov,Dec,,2018,Jan,Feb,Mar,Apr,May,Jun,Jul,Aug,Sep,Oct,Nov,Dec,,2019,Jan,Feb,Mar,Apr,May,Jun,Jul,Aug,Sep,Oct,Nov,Dec,,2020,Jan,Feb,Mar,Apr,May,Jun,Jul,Aug,Sep,Oct,Nov,Dec,,2021,Jan,Feb,Mar,Apr,May,Jun,Jul,Aug,Sep,Oct,Nov,Dec,,2022,Jan,Feb,Mar,Apr,May,Jun,Jul,Aug,Sep,Oct,Nov,Dec,,2023
DISPOSITION,,,,,,,,,,,,,,,,,,,,,,,,,,,,,,,,,,,,,,,,,,,,,,,,,,,,,,,,,,,,,,,,,,,,,,,,,,,,,,,,,,,,,,,,,,,,,,,,,,,
Alberta Use,,,,,,,,,,,,,,,,,,,,,,,,,,,,,,,,,,,,,,,,,,,,,,,,,,,,,,,,,,,,,,,,,,,,,,,,,,,,,,,,,,,,,,,,,,,,,,,,,,,
Residential,,"735,862.60","644,605.90","602,242.70","382,064.50","186,620.40","125,192.40","105,520.20","101,384.90","179,964.50","350,558.90","623,756.10","711,747.80",,"4,749,520.90","743,959.50","769,443.40","630,328.40","424,991.40","162,023.60","127,240.40","107,782.80","118,188.20","283,252.90","378,543.10","533,342.20","647,505.80",,"4,926,601.70","689,705.70","919,195.80","592,237.40","362,816.20","236,476.60","141,529.80","119,024.50","127,886.80","201,020.10","429,418.50","565,448.20","690,773.30",,"5,075,532.90","815,187.40","635,292.60","658,149.40","427,698.10","218,074.20","139,493.70","115,125.90","112,464.90","168,104.90","420,958.60","547,750.10","624,660.30",,"4,882,960.10","689,282.70","806,498.80","494,934.20","377,830.80","236,624.70","121,079.50","101,472.80","114,978.30","154,131.00","341,311.30","480,164.30","707,596.60",,"4,625,905.00","746,520.30","620,551.80","542,825.20","429,757.90","232,339.80","125,800.30","112,685.50","397,379.10","133,825.70","256,200.60","408,245.90","862,846.40",,"4,868,978.50","667,313.60","638,005.80","639,952.90","343,005.30","136,778.30","124,681.20","105,185.40","103,830.50","151,016.90","338,870.20","451,328.10", -   ,,"3,699,968.20"
Commercial,,"444,804.10","403,468.70","399,733.00","247,689.10","135,144.90","86,547.00","82,444.80","75,960.50","123,473.20","224,358.70","400,524.70","422,408.10",,"3,046,556.80","489,752.10","507,512.80","415,902.40","312,422.20","113,209.80","94,473.00","73,979.50","102,068.60","188,090.10","260,272.30","358,016.10","407,469.60",,"3,323,168.50","459,058.20","599,004.90","413,878.20","266,587.30","181,547.40","142,271.20","140,404.60","137,232.20","206,655.80","340,922.20","487,914.60","554,959.40",,"3,930,436.00","636,643.50","502,447.30","540,927.90","391,665.00","261,010.50","158,681.00","172,523.30","178,539.80","177,300.60","345,493.50","475,328.50","512,472.70",,"4,353,033.60","554,429.30","640,599.90","421,074.00","365,527.90","270,952.00","197,025.30","102,323.20","114,629.50","167,410.70","249,199.20","328,392.40","456,564.70",,"3,868,128.10","517,602.00","439,749.60","393,691.40","306,770.10","174,405.70","123,213.70","103,041.20","81,953.80","118,868.10","186,384.50","447,800.20","591,822.60",,"3,485,302.90","497,571.00","440,452.60","491,251.00","277,415.50","123,692.90","130,416.60","96,271.60","109,745.10","137,838.40","245,228.30","371,159.90", -   ,,"2,921,042.90"
Industrial ,,"944,323.60","842,838.80","895,546.80","792,650.90","792,946.70","555,357.80","846,520.70","905,447.10","828,148.40","908,969.70","912,809.90","972,135.70",,"10,197,696.10","1,021,519.50","938,114.80","991,744.40","824,259.00","889,085.40","893,117.20","1,024,660.30","1,045,311.90","1,002,933.10","1,057,343.80","1,032,021.10","1,086,873.20",,"11,806,983.70","1,092,589.00","1,031,356.60","1,068,440.60","943,340.50","909,552.00","906,594.30","968,425.60","1,052,682.80","943,510.20","906,102.70","920,695.30","1,017,347.30",,"11,760,636.90","1,047,511.40","983,244.80","1,035,369.40","902,982.70","879,904.20","887,977.20","874,869.10","793,352.00","849,251.90","976,507.40","967,623.90","1,050,622.30",,"11,249,216.30","1,055,169.70","960,389.10","1,001,597.20","869,255.00","876,799.30","956,514.30","1,075,153.00","1,015,977.10","851,735.90","1,009,906.80","1,060,749.90","1,192,142.40",,"11,925,389.70","1,112,129.70","1,007,090.70","1,147,008.50","1,000,757.50","1,063,404.40","1,069,727.20","1,123,894.80","1,103,356.00","1,095,885.80","1,138,933.20","1,186,859.10","1,259,483.70",,"13,308,530.60","1,245,471.80","1,137,724.00","1,241,385.40","1,099,173.00","1,123,050.30","1,075,532.30","1,223,058.20","1,266,639.20","1,142,217.00","1,228,151.20","1,247,193.90", -   ,,"13,029,596.30"
,,,,,,,,,,,,,,,,,,,,,,,,,,,,,,,,,,,,,,,,,,,,,,,,,,,,,,,,,,,,,,,,,,,,,,,,,,,,,,,,,,,,,,,,,,,,,,,,,,,
Alberta  Other  Sales,,"9,986.90","9,954.50","9,834.80","9,004.30","4,900.90","7,795.70","8,373.00","9,653.60","3,445.40",882.3,"9,206.80","9,351.20",,"92,389.40","8,456.90","9,480.60","10,533.00","9,680.00","9,701.10","4,518.40","7,425.60","6,391.60","5,771.50","6,269.00","6,669.60","6,483.50",,"91,380.80","6,398.80","6,140.30","6,977.10","5,911.80","6,059.10","6,133.40","6,586.40","3,430.90","1,721.00","5,592.70","8,393.60","3,495.80",,"66,840.90","2,617.60","1,608.40","4,137.50","1,046.20","1,669.60","4,809.60","4,958.90","4,511.00","5,330.80","7,244.30","6,802.20","7,237.20",,"51,973.30","8,981.70","8,104.10","10,631.70","10,401.20","9,464.20","8,553.80","7,941.10","8,368.00","3,891.80","5,844.40","4,774.70","6,928.50",,"93,885.20","9,287.90","8,093.60","7,398.80","7,611.60","5,153.10","6,541.60","8,189.70","8,809.50","4,672.90","4,290.80","6,015.70","10,952.70",,"87,017.90","13,226.90","12,143.20","12,125.50","8,695.90","8,077.10","8,517.60","9,290.90","11,012.70","4,878.00","7,713.50","9,002.20", -   ,,"104,683.50"
Pipeline Fuel (Transportation),,"153,012.80","134,387.60","148,565.80","133,497.80","130,446.00","110,376.50","118,521.30","126,488.60","128,267.00","146,115.60","157,589.50","164,821.90",,"1,652,090.40","167,873.90","154,513.90","166,006.40","146,604.60","134,127.60","133,455.80","149,077.30","149,837.60","156,442.10","170,136.80","170,232.60","176,603.50",,"1,874,912.10","171,010.00","142,846.30","171,497.70","195,319.40","147,785.90","156,145.80","154,844.40","159,495.50","155,202.30","161,437.10","168,203.60","179,162.30",,"1,962,950.30","163,737.70","154,618.30","168,453.50","152,036.20","152,998.10","132,966.80","142,300.30","175,783.60","153,631.60","173,665.50","170,719.50","172,349.30",,"1,913,260.40","179,472.50","160,171.30","173,767.70","168,881.10","156,476.90","159,982.80","188,103.30","165,181.60","178,127.70","189,516.70","183,426.50","207,667.10",,"2,110,775.20","210,025.10","207,269.10","225,306.90","218,520.60","196,113.20","174,451.70","178,592.20","184,509.40","201,228.80","219,757.10","231,301.60","2,965.30",,"2,250,041.00","223,751.90","2,390.20","2,828.90","1,795.60","2,442.30","2,382.60","2,817.00","3,082.60","1,110.80","2,102.30","1,824.30", -   ,,"246,528.50"
,,,,,,,,,,,,,,,,,,,,,,,,,,,,,,,,,,,,,,,,,,,,,,,,,,,,,,,,,,,,,,,,,,,,,,,,,,,,,,,,,,,,,,,,,,,,,,,,,,,
Injection  (Enhanced Recovery),,,,,,,,,,,,,,,,,,,,,,,,,,,,,,,,,,,,,,,,,,,,,,,,,,,,,,,,,,,,,,,,,,,,,,,,,,,,,,,,,,,,,,,,,,,,,,,,,,,
Gas Injection,,"102,247.60","90,767.70","105,763.70","96,222.80","112,490.20","119,806.80","116,564.10","117,026.10","116,372.00","144,030.10","111,552.70","146,544.10",,"1,379,387.90","145,015.40","127,934.10","150,861.20","144,478.50","155,580.10","148,559.90","160,906.60","161,935.70","154,526.80","162,900.60","143,261.40","109,018.30",,"1,764,978.60","104,376.30","94,497.80","110,202.20","146,563.60","114,626.80","136,770.10","130,732.00","146,780.50","145,240.00","113,325.60","96,372.40","99,507.90",,"1,438,995.20","96,837.40","102,578.40","118,758.90","96,746.60","108,280.00","128,043.00","145,516.50","107,515.40","111,812.10","104,799.00","76,550.30","83,513.50",,"1,280,951.10","87,683.70","73,267.50","99,321.90","82,219.30","104,052.70","107,270.30","109,854.60","136,182.80","118,201.10","99,766.60","101,469.00","96,947.90",,"1,216,237.40","91,394.50","85,226.50","104,697.20","102,458.20","90,773.10","92,355.40","86,903.90","99,527.90","85,090.80","95,434.60","87,556.30","76,052.80",,"1,097,471.20","84,627.70","72,723.70","78,377.70","82,963.10","72,373.80","67,090.30","65,503.40","66,471.10","63,548.60","68,346.10","67,019.90", -   ,,"789,045.40"
Solvent Injection,,"20,379.00","16,953.00","13,666.50","8,896.20","6,661.10","6,944.00","5,673.90","7,316.90","7,596.60","8,231.00","7,570.70","10,467.70",,"120,356.60","6,412.30","5,486.90","5,592.70","4,881.50","2,213.70","3,581.10","4,429.60","3,594.90","4,685.40","5,528.30","8,344.50","8,478.50",,"63,229.40",752.8,568.7,223.8,788.9,"2,171.20","3,213.40","1,970.90","1,201.40",578.7,898.3,752.7,539.7,,"13,660.50","2,865.10",759.5,"1,196.60","1,790.80","1,634.20","1,001.10",579.8,"1,056.10","1,729.40","1,558.40",437.1,896.3,,"15,504.40","1,041.30","1,448.30",212,"1,224.00",680.1,"1,686.80","1,099.20",873.3,"2,162.50","3,270.60","2,308.50","1,309.70",,"17,316.30","1,767.80","1,082.40",489,621.1,720.8,28.1,176.1,118.2,34.8,42.6,99,"3,076.80",,"8,256.70","1,863.50","1,742.50",60.6, -   , -   ,340.5,14.8,31,69.8,383.3,465.7, -   ,,"4,971.70"
Acid Gas Injection,,"24,740.50","22,704.10","24,620.60","24,822.10","23,965.60","24,382.00","24,074.30","25,590.90","20,261.30","26,141.00","25,555.30","25,430.00",,"292,287.70","25,503.80","16,766.30","19,710.00","22,381.70","22,283.50","19,183.40","20,926.70","19,861.20","21,963.50","22,777.80","27,710.30","31,050.90",,"270,119.10","30,473.20","23,584.10","27,626.20","26,612.30","22,463.30","21,393.00","22,400.50","22,707.60","21,108.90","26,998.10","28,945.30","32,139.60",,"306,452.10","28,792.60","28,950.20","29,592.30","27,672.80","26,687.00","24,950.60","26,024.20","25,511.00","23,156.30","31,424.60","33,933.70","35,539.30",,"342,234.60","35,819.70","29,337.20","36,604.90","37,539.80","38,423.50","33,639.90","35,303.10","38,194.90","36,092.80","36,778.30","37,577.20","37,401.50",,"432,712.80","37,342.70","35,828.30","40,839.70","42,234.70","41,401.20","37,579.90","40,718.60","43,145.00","39,975.10","41,167.00","41,400.40","44,937.30",,"486,569.90","44,579.20","38,229.70","43,614.50","43,002.20","34,121.70","39,016.40","43,558.90","41,969.50","33,030.10","37,218.50","41,856.00", -   ,,"440,196.70"
CO2 Injection,,"67,835.00","60,735.70","67,051.00","57,967.90","46,323.10","49,543.80","45,647.70","63,050.20","57,631.70","51,119.10","52,591.10","55,967.80",,"675,464.10","49,841.00","50,520.80","54,263.70","37,729.70","37,724.50","58,932.00","60,574.30","63,187.40","54,883.10","48,137.20","62,100.00","72,211.50",,"650,105.20","62,072.30","60,254.60","71,687.20","54,910.80","49,156.40","48,579.50","72,189.20","73,325.00","70,241.10","76,998.00","72,767.50","73,755.00",,"785,936.60","66,595.80","61,361.60","91,967.00","111,269.40","124,672.60","111,422.70","91,995.90","64,202.40","87,447.90","113,659.30","121,756.30","119,883.90",,"1,166,234.80","149,359.80","118,530.70","128,875.70","124,494.40","145,578.20","144,752.90","161,342.50","153,455.00","141,375.40","158,696.60","156,539.00","158,437.00",,"1,741,437.20","136,006.00","128,559.50","141,119.00","139,147.80","147,726.20","153,422.00","167,138.90","127,127.30","109,480.80","117,275.80","122,920.40","161,958.10",,"1,651,881.80","174,500.90","162,768.80","177,792.50","139,953.00","163,296.90","164,179.40","178,369.50","176,289.70","182,319.20","163,113.20","178,018.60", -   ,,"1,860,601.70"
Total Injection,,"215,202.10","191,160.50","211,101.80","187,909.00","189,440.00","200,676.60","191,960.00","212,984.10","201,861.60","229,521.20","197,269.80","238,409.60",,"2,467,496.30","226,772.50","200,708.10","230,427.60","209,471.40","217,801.80","230,256.40","246,837.20","248,579.20","236,058.80","239,343.90","241,416.20","220,759.20",,"2,748,432.30","197,674.60","178,905.20","209,739.40","228,875.60","188,417.70","209,956.00","227,292.60","244,014.50","237,168.70","218,220.00","198,837.90","205,942.20",,"2,545,044.40","195,090.90","193,649.70","241,514.80","237,479.60","261,273.80","265,417.40","264,116.40","198,284.90","224,145.70","251,441.30","232,677.40","239,833.00",,"2,804,924.90","273,904.50","222,583.70","265,014.50","245,477.50","288,734.50","287,349.90","307,599.40","328,706.00","297,831.80","298,512.10","297,893.70","294,096.10",,"3,407,703.70","266,511.00","250,696.70","287,144.90","284,461.80","280,621.30","283,385.40","294,937.50","269,918.40","234,581.50","253,920.00","251,976.10","286,025.00",,"3,244,179.60","305,571.30","275,464.70","299,845.30","265,918.30","269,792.40","270,626.60","287,446.60","284,761.30","278,967.70","269,061.10","287,360.20", -   ,,"3,094,815.50"
,,,,,,,,,,,,,,,,,,,,,,,,,,,,,,,,,,,,,,,,,,,,,,,,,,,,,,,,,,,,,,,,,,,,,,,,,,,,,,,,,,,,,,,,,,,,,,,,,,,
In Situ Facilities Use,,,,,,,,,,,,,,,,,,,,,,,,,,,,,,,,,,,,,,,,,,,,,,,,,,,,,,,,,,,,,,,,,,,,,,,,,,,,,,,,,,,,,,,,,,,,,,,,,,,
In Situ Gas Injection,,"38,208.30","39,046.90","46,152.20","43,864.50","36,119.90","45,910.20","51,725.60","66,143.60","61,857.40","69,010.00","80,595.10","74,837.40",,"653,471.10","77,479.10","81,305.10","97,533.60","90,428.20","93,986.30","83,075.00","89,032.70","89,209.60","96,774.40","96,998.10","100,646.30","116,401.70",,"1,112,870.10","113,074.10","95,783.80","112,192.30","111,253.20","124,851.90","119,811.70","127,676.20","116,291.00","120,183.50","126,299.80","151,064.90","148,715.30",,"1,467,197.70","132,349.80","130,078.80","142,142.20","143,698.60","146,963.90","131,244.70","129,353.00","136,491.20","141,189.50","173,510.20","170,088.10","169,175.50",,"1,746,285.50","164,901.00","159,508.20","192,454.20","193,579.00","199,220.10","189,813.90","197,525.20","224,130.60","213,606.90","226,806.60","236,551.60","225,916.10",,"2,424,013.40","240,620.50","235,564.40","253,524.10","234,717.80","195,110.20","182,898.90","220,299.80","231,265.60","220,997.80","248,990.40","243,503.20","243,801.80",,"2,751,294.50","253,914.80","223,336.60","238,193.30","221,256.20","237,152.50","235,705.00","234,510.40","227,266.10","234,652.10","247,423.60","263,413.60", -   ,,"2,616,824.20"
Flare,,"1,069.60","2,261.00",792.9,557,853.8,"1,238.40","1,326.70","1,672.60",595.5,"1,019.80","1,077.90","2,358.70",,"14,823.90","1,703.70",617,481,879,797.6,"1,138.20","1,560.80","1,470.50","2,612.20","3,187.90",752,"1,014.80",,"16,214.70",982.2,"1,751.10","4,002.00","2,106.20","1,873.10","1,354.10","1,724.00","2,676.60","1,315.00","6,616.90","3,927.60","1,895.00",,"30,223.80","7,463.40","4,994.60","5,067.10","7,695.30","5,571.00","9,797.10","7,649.60","6,692.00","10,576.60","10,379.40","7,508.00","5,431.90",,"88,826.00","8,151.10","7,165.60","6,183.30","4,764.40","7,049.10","6,803.50","4,884.60","9,863.20","7,211.50","8,083.20","6,341.40","6,003.30",,"82,504.20","5,342.30","5,297.10","4,807.80","5,560.40","7,606.40","9,307.90","6,545.30","7,404.90","6,909.60","7,067.90","6,075.10","6,149.00",,"78,073.70","6,709.40","5,141.90","5,551.30","9,280.00","5,558.60","7,032.70","9,517.30","6,982.50","5,621.00","7,850.10","5,202.10", -   ,,"74,446.90"
Fuel,,"1,496,753.40","1,356,045.20","1,500,480.40","1,265,514.50","1,214,246.60","1,270,121.80","1,433,804.20","1,490,878.50","1,464,457.50","1,555,312.70","1,529,294.30","1,596,048.70",,"17,172,957.80","1,566,581.90","1,443,047.60","1,584,384.70","1,468,193.70","1,487,345.10","1,406,898.50","1,511,277.30","1,533,849.50","1,490,898.10","1,569,707.70","1,490,485.70","1,572,688.50",,"18,125,358.30","1,577,577.60","1,466,310.10","1,538,697.10","1,429,015.10","1,365,045.10","1,417,885.10","1,493,587.20","1,503,013.10","1,500,039.50","1,578,130.60","1,531,966.90","1,642,316.40",,"18,043,583.80","1,626,005.90","1,517,214.90","1,548,730.10","1,287,911.20","1,258,806.50","1,229,923.80","1,393,232.50","1,430,641.00","1,419,669.00","1,448,065.20","1,528,074.20","1,639,566.20",,"17,327,840.50","1,664,730.20","1,499,488.50","1,635,195.80","1,567,516.50","1,563,532.90","1,486,065.20","1,583,880.10","1,547,799.80","1,493,402.30","1,638,480.10","1,587,962.90","1,636,038.80",,"18,904,093.10","1,690,919.20","1,521,328.40","1,674,913.60","1,560,810.10","1,466,229.10","1,326,075.00","1,546,007.40","1,595,101.70","1,540,186.60","1,643,181.70","1,614,069.90","1,686,664.10",,"18,865,486.80","1,684,468.10","1,532,463.00","1,678,209.40","1,479,974.00","1,518,265.80","1,538,326.70","1,646,961.70","1,656,401.40","1,555,552.90","1,676,404.70","1,670,402.70", -   ,,"17,637,430.40"
Vent,,418.4,48,171.5,56.9,116.6,77.7,73.2,127.3,63,85,141.5,124.4,,"1,503.50",220.5,155.7,941.5,250.6,127,268.6,106.8,152.3,108.6,189.5,320.7,295.5,,"3,137.30",64.6,122.4,69.8,395.1,112.8,127.2,384.8,134.4,102.9,145.2,87.7,86.9,,"1,833.80",53.9,89.5,105.9,69.4,104.5,88.5,108.2,429.2,202.8,436.6,204.7,120.2,,"2,013.40",289.1,209.9,151.6,90.9,93.8,149.1,97.9,265.5,213.7,152.7,90,132.3,,"1,936.50",128,95,91.5,117.3,125.6,204.7,215.5,172.8,134.2,121.1,193.6,126.1,,"1,725.40",114.1,"1,110.60",135.1,116.1,131.8,95.3,174.3,91.2,333.1,105.9,137.3, -   ,,"2,544.80"
Total In Situ Facilities Use,,"1,536,449.70","1,397,401.10","1,547,597.00","1,309,992.90","1,251,336.90","1,317,348.10","1,486,929.70","1,558,822.00","1,526,973.40","1,625,427.50","1,611,108.80","1,673,369.20",,"17,842,756.30","1,645,985.20","1,525,125.40","1,683,340.80","1,559,751.50","1,582,256.00","1,491,380.30","1,601,977.60","1,624,681.90","1,590,393.30","1,670,083.20","1,592,204.70","1,690,400.50",,"19,257,580.40","1,691,698.50","1,563,967.40","1,654,961.20","1,542,769.60","1,491,882.90","1,539,178.10","1,623,372.20","1,622,115.10","1,621,640.90","1,711,192.50","1,687,047.10","1,793,013.60",,"19,542,839.10","1,765,873.00","1,652,377.80","1,696,045.30","1,439,374.50","1,411,445.90","1,371,054.10","1,530,343.30","1,574,253.40","1,571,637.90","1,632,391.40","1,705,875.00","1,814,293.80",,"19,164,965.40","1,838,071.40","1,666,372.20","1,833,984.90","1,765,950.80","1,769,895.90","1,682,831.70","1,786,387.80","1,782,059.10","1,714,434.40","1,873,522.60","1,830,945.90","1,868,090.50",,"21,412,547.20","1,937,010.00","1,762,284.90","1,933,337.00","1,801,205.60","1,669,071.30","1,518,486.50","1,773,068.00","1,833,945.00","1,768,228.20","1,899,361.10","1,863,841.80","1,936,741.00",,"21,696,580.40","1,945,206.40","1,762,052.10","1,922,089.10","1,710,626.30","1,761,108.70","1,781,159.70","1,891,163.70","1,890,741.20","1,796,159.10","1,931,784.30","1,939,155.70", -   ,,"20,331,246.30"
,,,,,,,,,,,,,,,,,,,,,,,,,,,,,,,,,,,,,,,,,,,,,,,,,,,,,,,,,,,,,,,,,,,,,,,,,,,,,,,,,,,,,,,,,,,,,,,,,,,
Oil Sands Facilities Use,,,,,,,,,,,,,,,,,,,,,,,,,,,,,,,,,,,,,,,,,,,,,,,,,,,,,,,,,,,,,,,,,,,,,,,,,,,,,,,,,,,,,,,,,,,,,,,,,,,
Flare,,"28,767.60","20,683.80","30,383.80","22,785.50","48,953.30","51,787.00","71,458.80","33,302.90","42,625.20","32,272.30","46,360.90","44,729.70",,"474,110.80","38,437.60","39,779.70","41,487.80","51,709.20","55,667.50","37,199.00","51,751.40","40,430.40","39,137.20","41,814.70","22,347.70","21,156.40",,"480,918.60","24,220.00","38,959.20","32,700.60","35,559.90","60,149.00","47,586.30","51,402.50","45,854.50","65,554.60","34,670.10","38,997.70","45,155.90",,"520,810.30","50,867.70","37,186.40","45,416.80","46,520.10","45,334.40","29,456.20","45,321.10","25,540.20","62,138.40","19,810.60","30,262.10","27,065.50",,"464,919.50","39,651.50","30,498.10","54,070.40","46,467.90","29,823.10","61,213.70","34,909.50","47,903.80","66,268.10","50,459.70","26,541.90","27,512.30",,"515,320.00","45,660.60","33,189.70","40,468.60","32,795.90","38,372.90","34,205.30","35,369.80","24,425.40","41,464.70","41,363.80","39,601.80","57,365.70",,"464,284.20","43,432.80","37,935.00","46,226.50","62,786.70","32,254.30","39,919.80","35,066.10","46,486.30","44,144.20","46,690.50","42,242.80", -   ,,"477,185.00"
Fuel,,"890,793.60","795,199.30","798,169.10","689,740.60","734,450.30","674,813.40","676,420.30","772,726.80","645,630.30","671,099.30","838,998.30","914,452.40",,"9,102,493.70","916,895.70","816,623.40","886,201.80","690,277.20","766,101.90","724,449.90","726,417.80","778,090.70","691,507.10","795,929.40","892,331.60","926,009.50",,"9,610,836.00","933,233.00","869,452.70","902,787.50","806,943.50","722,923.90","718,957.60","776,939.40","779,662.80","683,872.30","793,734.70","847,446.80","910,548.40",,"9,746,502.60","918,498.20","858,822.50","907,171.30","848,182.20","772,242.60","728,759.20","652,751.50","621,983.10","687,926.50","829,398.90","874,106.10","932,944.50",,"9,632,786.60","916,135.20","858,032.80","897,965.40","680,310.00","744,178.50","733,939.10","776,365.40","717,714.30","733,904.60","859,207.70","845,814.00","950,764.60",,"9,714,331.60","932,762.10","832,507.80","856,108.90","779,097.70","741,359.30","736,536.10","774,793.10","743,619.60","714,331.90","816,656.10","880,816.70","957,499.80",,"9,766,089.10","917,284.20","847,257.60","928,292.80","733,789.80","691,357.60","750,861.60","797,592.60","797,058.20","787,364.00","876,872.20","913,880.30", -   ,,"9,041,610.90"
Plant Use,,"1,632.50","1,505.90","1,718.80","1,493.10","1,566.70","1,464.30","1,433.10","1,516.00","8,415.50","21,528.90","33,237.60","48,985.20",,"124,497.60","59,643.00","59,187.40","64,540.80","64,409.00","70,726.40","60,310.50","65,170.20","69,930.40","65,580.70","78,308.60","83,067.00","83,205.30",,"824,079.30","81,909.70","73,362.60","78,397.00","70,874.60","73,936.90","65,023.70","63,002.10","68,095.90","70,026.70","63,768.80","76,815.30","90,644.60",,"875,857.90","88,768.40","80,060.40","83,977.30","66,208.00","53,322.60","51,075.30","46,657.50","52,203.80","53,099.70","62,894.60","66,631.90","75,145.70",,"780,045.20","69,585.20","66,060.40","65,145.60","59,063.30","51,058.30","48,407.50","54,292.20","54,539.40","54,885.90","51,988.90","61,617.20","77,511.40",,"714,155.30","85,416.90","76,425.10","83,039.00","70,409.20","66,998.10","67,184.50","68,288.40","68,387.40","58,962.70","69,064.30","69,028.70","82,570.90",,"865,775.20","68,210.10","64,021.30","75,890.30","70,161.00","64,487.60","63,371.30","47,901.60","38,457.50","65,516.70","73,663.60","75,678.50", -   ,,"707,359.50"
Total Oil Sands Facilities Use,,"921,193.70","817,389.00","830,271.70","714,019.20","784,970.30","728,064.70","749,312.20","807,545.70","696,671.00","724,900.50","918,596.80","1,008,167.30",,"9,701,102.10","1,014,976.30","915,590.50","992,230.40","806,395.40","892,495.80","821,959.40","843,339.40","888,451.50","796,225.00","916,052.70","997,746.30","1,030,371.20",,"10,915,833.90","1,039,362.70","981,774.50","1,013,885.10","913,378.00","857,009.80","831,567.60","891,344.00","893,613.20","819,453.60","892,173.60","963,259.80","1,046,348.90",,"11,143,170.80","1,058,134.30","976,069.30","1,036,565.40","960,910.30","870,899.60","809,290.70","744,730.10","699,727.10","803,164.60","912,104.10","971,000.10","1,035,155.70",,"10,877,751.30","1,025,371.90","954,591.30","1,017,181.40","785,841.20","825,059.90","843,560.30","865,567.10","820,157.50","855,058.60","961,656.30","933,973.10","1,055,788.30",,"10,943,806.90","1,063,839.60","942,122.60","979,616.50","882,302.80","846,730.30","837,925.90","878,451.30","836,432.40","814,759.30","927,084.20","989,447.20","1,097,436.40",,"11,096,148.50","1,028,927.10","949,213.90","1,050,409.60","866,737.50","788,099.50","854,152.70","880,560.30","882,002.00","897,024.90","997,226.30","1,031,801.60", -   ,,"10,226,155.40"
,,,,,,,,,,,,,,,,,,,,,,,,,,,,,,,,,,,,,,,,,,,,,,,,,,,,,,,,,,,,,,,,,,,,,,,,,,,,,,,,,,,,,,,,,,,,,,,,,,,
Total Alberta Use,,"4,960,835.50","4,441,206.10","4,644,893.60","3,776,827.70","3,475,806.10","3,131,358.80","3,589,581.90","3,798,286.50","3,688,804.50","4,210,734.40","4,830,862.40","5,200,410.80",,"49,749,608.30","5,319,295.90","5,020,489.50","5,120,513.40","4,293,575.50","4,000,701.10","3,796,400.90","4,055,079.70","4,183,510.50","4,259,166.80","4,698,044.80","4,931,648.80","5,266,466.50",,"54,944,893.40","5,347,497.50","5,423,191.00","5,131,616.70","4,458,998.40","4,018,731.40","3,933,376.20","4,131,294.30","4,240,471.00","4,186,372.60","4,665,059.30","4,999,800.10","5,491,042.80",,"56,027,451.30","5,684,795.80","5,099,308.20","5,381,163.20","4,513,192.60","4,057,275.90","3,769,690.50","3,848,967.30","3,736,916.70","3,952,568.00","4,719,806.10","5,077,776.70","5,456,624.30",,"55,298,085.30","5,624,683.70","5,419,310.40","5,218,185.60","4,589,165.50","4,434,007.40","4,256,897.60","4,434,547.70","4,350,057.10","4,222,621.90","4,929,469.40","5,120,320.50","5,788,874.20",,"58,388,141.00","5,862,925.60","5,237,859.00","5,516,329.20","4,931,387.90","4,467,839.10","4,139,532.30","4,472,860.20","4,716,303.60","4,372,050.30","4,885,931.50","5,385,487.60","6,048,273.10",,"60,036,779.40","5,927,040.00","5,217,446.50","5,659,887.70","4,573,367.40","4,213,041.50","4,247,469.30","4,495,793.70","4,551,814.60","4,409,212.80","5,020,137.20","5,338,825.90", -   ,,"53,654,036.60"
,,,,,,,,,,,,,,,,,,,,,,,,,,,,,,,,,,,,,,,,,,,,,,,,,,,,,,,,,,,,,,,,,,,,,,,,,,,,,,,,,,,,,,,,,,,,,,,,,,,
Other Canada Removals,,,,,,,,,,,,,,,,,,,,,,,,,,,,,,,,,,,,,,,,,,,,,,,,,,,,,,,,,,,,,,,,,,,,,,,,,,,,,,,,,,,,,,,,,,,,,,,,,,,
British Columbia,,"375,409.40","281,474.40","341,107.80","329,827.50","370,230.40","287,216.80","362,851.60","325,162.90","324,669.90","341,324.60","324,053.30","365,151.80",,"4,028,480.50","340,966.00","290,856.00","304,074.90","136,205.50","106,195.50","108,682.50","108,175.90","109,631.50","121,435.20","241,930.20","217,078.00","264,379.30",,"2,349,610.60","237,718.10","252,243.00","227,076.20","132,062.50","150,860.00","128,019.40","120,430.10","140,339.80","109,043.70","119,000.40","204,877.30","227,633.50",,"2,049,304.00","294,184.50","250,449.30","289,617.00","176,977.60","226,990.50","286,094.20","335,677.30","355,565.10","305,419.10","467,228.90","408,745.70","722,034.00",,"4,118,983.20","370,604.20","462,247.10","469,228.40","425,005.60","415,072.50","388,751.90","401,975.20","409,426.90","364,923.20","425,375.10","390,160.00","453,678.60",,"4,976,448.70","645,588.90","376,867.30","433,075.70","427,206.10","372,695.50","304,111.50","335,842.80","296,027.50","366,891.00","384,935.70","497,601.00","590,591.80",,"5,031,434.80","396,146.70","627,988.60","506,441.60","452,640.70","342,114.90","367,490.70","368,874.50","423,730.00","397,481.00","355,077.30","826,394.60", -   ,,"5,064,380.50"
Saskatchewan,,"813,674.30","1,207,295.00","1,053,774.10","1,127,448.90","995,475.90","1,176,304.90","1,223,479.60","1,147,976.20","1,285,488.10","1,247,349.10","1,210,033.90","1,226,722.10",,"13,715,022.10","1,394,743.00","1,370,605.90","1,053,442.00","964,950.70","838,156.40","676,300.80","865,967.10","835,093.80","772,052.70","1,176,728.30","1,366,583.20","1,435,111.30",,"12,749,735.20","1,340,585.20","1,242,993.10","1,131,152.60","1,010,454.20","921,357.70","991,605.00","966,275.90","904,636.70","847,312.90","875,077.80","918,933.70","1,020,247.00",,"12,170,631.80","1,517,653.50","1,464,223.00","1,116,891.00","1,077,167.20","1,077,583.70","982,584.10","996,606.60","1,034,866.50","2,457,016.00","1,077,099.50","1,456,523.10","1,525,621.60",,"15,783,835.50","1,578,276.20","1,337,870.80","1,376,653.40","1,186,022.70","1,270,651.60","1,224,076.60","1,364,289.80","1,575,312.40","1,368,604.40","1,506,142.30","1,598,947.00","1,891,854.00",,"17,278,701.20","1,314,513.20","2,027,660.20","1,705,401.00","1,650,833.90","1,444,981.20","1,809,312.90","1,794,914.20","1,791,802.30","1,859,998.50","1,642,299.30","2,193,865.00","2,923,538.40",,"22,159,120.10","1,919,449.30","1,752,840.20","1,859,135.90","1,739,987.10","1,575,288.30","1,522,618.10","1,766,105.10","1,631,332.10","1,414,848.20","2,046,284.70","1,839,963.80", -   ,,"19,067,852.80"
Manitoba,,"413,656.80","317,310.90","357,611.00","319,015.90","356,640.90","299,932.10","286,593.00","324,340.10","270,997.50","337,539.00","317,043.70","357,190.50",,"3,957,871.40","339,872.90","326,457.30","374,960.60","343,077.60","272,974.60","254,111.10","307,022.40","302,393.00","266,309.40","308,016.90","300,714.70","357,983.30",,"3,753,893.60","313,912.60","280,493.40","275,104.80","245,994.10","221,272.20","180,999.60","199,178.30","169,672.70","181,838.90","192,191.40","244,969.40","272,299.10",,"2,777,926.50","365,864.00","374,563.70","304,785.50","279,537.30","293,298.60","287,283.50","236,169.10","282,526.10","185,101.70","315,619.10","456,056.70","490,472.20",,"3,871,277.40","601,418.60","537,777.70","496,255.90","412,235.40","436,865.30","380,838.30","422,900.20","414,526.40","345,584.30","434,560.50","437,769.50","547,597.30",,"5,468,329.30","606,926.80","444,689.50","489,456.10","447,505.50","448,123.40","422,858.00","484,427.50","481,127.50","463,432.40","546,951.60","538,918.60","650,431.20",,"6,024,848.00","528,619.90","448,693.80","499,099.60","466,521.50","424,756.10","431,235.30","482,610.50","462,739.30","551,652.20","534,482.10","478,561.40", -   ,,"5,308,971.50"
Ontario,,"600,475.20","459,482.70","545,087.70","498,825.30","627,793.40","542,034.00","507,526.00","428,085.50","443,041.10","430,631.00","824,508.30","811,108.70",,"6,718,598.90","973,048.90","898,127.90","803,151.50","764,171.20","742,196.60","743,419.20","722,572.50","723,650.40","742,129.30","916,359.10","911,883.70","1,068,668.90",,"10,009,379.10","866,856.80","829,433.70","790,712.50","779,928.80","729,250.60","735,989.40","672,815.00","777,689.90","646,866.40","649,758.30","886,915.60","985,863.20",,"9,352,080.20","1,174,946.70","1,140,636.00","1,246,314.50","1,101,262.10","1,111,801.20","1,033,147.00","1,174,776.80","1,110,291.90","844,602.80","1,237,718.40","972,082.40","1,148,514.40",,"13,296,094.10","1,284,789.90","1,156,478.00","1,145,983.60","1,082,193.10","984,493.50","945,096.90","1,012,356.20","962,500.20","975,255.10","1,025,054.30","1,031,727.50","1,175,186.80",,"12,781,114.90","1,159,440.20","988,838.80","1,158,889.70","968,730.60","1,006,335.10","923,849.40","1,083,075.60","987,807.30","905,096.70","996,616.70","908,388.80","1,286,864.70",,"12,373,933.50","1,226,589.90","990,243.70","1,152,723.60","1,116,404.20","1,015,669.50","1,019,336.50","1,128,890.80","1,116,421.20","1,128,460.00","1,059,930.10","1,155,670.30", -   ,,"12,110,339.70"
Quebec,,"71,548.90","58,157.70","66,086.60","32,805.60","6,062.40","104,708.20","16,568.00","16,405.00","13,192.30","4,306.00","2,125.30","28,871.10",,"420,836.90","8,397.90","4,419.80","4,023.40","2,814.80","1,853.70","1,500.30","1,317.40","1,408.30","2,080.00","2,369.80","9,662.00","30,686.70",,"70,534.00","13,538.70","8,582.30","7,542.80","5,763.00","6,689.50","5,966.20","4,145.30","4,990.20","5,644.50","5,198.80","1,965.30","2,184.60",,"72,211.20","7,604.80","5,403.10","6,042.40","3,008.80","2,683.90","2,579.40","2,590.40","2,517.70","1,988.10","2,799.50",560.8,"3,772.50",,"41,551.40","2,505.30","2,201.80","2,761.10","1,851.80","2,064.60","2,058.50","1,684.80","1,654.20","1,108.00","1,300.60","3,239.70","5,517.60",,"27,948.00","7,988.30","7,660.60","3,510.40","2,925.90","3,401.80","2,625.90","2,800.50","3,023.10","3,418.00","3,825.20","2,128.70","4,959.80",,"48,268.30","3,290.80","7,250.40","7,891.10","2,023.80","2,479.50","2,715.10","4,878.80",23.2,"7,737.40","2,935.10","4,190.50", -   ,,"45,415.60"
Maritimes,, -   , -   , -   , -   , -   , -   , -   , -   , -   , -   , -   , -   ,, -   , -   , -   , -   , -   , -   , -   , -   , -   , -   , -   , -   , -   ,, -   ,  -    ,  -    ,  -    ,  -    ,  -    ,  -    ,  -    ,  -    ,  -    ,  -    ,  -    ,  -    ,, -   , -   , -   , -   , -   , -   , -   , -   , -   , -   , -   , -   , -   ,, -   , -   , -   , -   , -   , -   , -   , -   , -   , -   , -   , -   , -   ,, -   , -   , -   , -   , -   , -   , -   , -   , -   , -   , -   , -   , -   ,, -   , -   , -   , -   , -   , -   , -   , -   , -   , -   , -   , -   , -   ,, -   
NWT  Yukon  Nunavut,, -   , -   , -   , -   , -   , -   , -   , -   , -   , -   , -   , -   ,, -   , -   , -   , -   , -   , -   , -   , -   , -   , -   , -   , -   , -   ,, -   ,  -    ,  -    ,  -    ,  -    ,  -    ,  -    ,  -    ,  -    ,  -    ,  -    ,  -    ,  -    ,, -   , -   , -   , -   , -   , -   , -   , -   , -   , -   , -   , -   , -   ,, -   , -   , -   , -   , -   , -   , -   , -   , -   , -   , -   , -   , -   ,, -   , -   , -   , -   , -   , -   , -   , -   , -   , -   , -   , -   , -   ,, -   , -   , -   , -   , -   , -   , -   , -   , -   , -   , -   , -   , -   ,, -   
Total Other Canada Removals,,"2,274,764.50","2,323,720.70","2,363,667.10","2,307,923.10","2,356,203.00","2,410,196.00","2,397,018.30","2,241,969.80","2,337,388.90","2,361,149.70","2,677,764.60","2,789,044.20",,"28,840,809.80","3,057,028.70","2,890,466.80","2,539,652.50","2,211,219.80","1,961,376.80","1,784,013.80","2,005,055.30","1,972,177.00","1,904,006.50","2,645,404.30","2,805,921.50","3,156,829.50",,"28,933,152.50","2,772,611.40","2,613,745.50","2,431,588.90","2,174,202.60","2,029,430.00","2,042,579.60","1,962,844.60","1,997,329.30","1,790,706.40","1,841,226.70","2,257,661.30","2,508,227.40",,"26,422,153.70","3,360,253.40","3,235,275.10","2,963,650.50","2,637,952.90","2,712,357.90","2,591,688.10","2,745,820.30","2,785,767.30","3,794,127.70","3,100,465.20","3,293,968.70","3,890,414.80",,"37,111,741.70","3,837,594.20","3,496,575.40","3,490,882.40","3,107,308.60","3,109,147.40","2,940,822.10","3,203,206.30","3,363,420.10","3,055,475.00","3,392,432.80","3,461,843.70","4,073,834.30",,"40,532,542.10","3,734,457.40","3,845,716.30","3,790,332.80","3,497,202.00","3,275,537.10","3,462,757.70","3,701,060.70","3,559,787.70","3,598,836.60","3,574,628.40","4,140,902.00","5,456,385.80",,"45,637,604.60","4,074,096.50","3,827,016.70","4,025,291.80","3,777,577.20","3,360,308.20","3,343,395.80","3,751,359.60","3,634,245.80","3,500,178.70","3,998,709.20","4,304,780.60", -   ,,"41,596,960.10"
,,,,,,,,,,,,,,,,,,,,,,,,,,,,,,,,,,,,,,,,,,,,,,,,,,,,,,,,,,,,,,,,,,,,,,,,,,,,,,,,,,,,,,,,,,,,,,,,,,,
USA Removals,,,,,,,,,,,,,,,,,,,,,,,,,,,,,,,,,,,,,,,,,,,,,,,,,,,,,,,,,,,,,,,,,,,,,,,,,,,,,,,,,,,,,,,,,,,,,,,,,,,
PADD1,,"117,140.00","90,674.80","108,876.70","74,976.40","77,807.50","63,633.20","79,162.90","73,737.20","61,423.70","71,110.80","83,797.90","158,323.20",,"1,060,664.20","97,438.10","76,461.60","59,740.80","44,345.50","7,329.60","38,863.20","42,862.70","47,052.50","59,398.80","78,017.90","72,390.90","83,700.60",,"707,602.20","73,110.10","71,554.20","60,657.30","51,102.80","56,571.70","51,284.50","44,772.00","51,523.10","43,021.90","58,335.30","51,157.30","56,864.60",,"669,954.80","83,070.00","69,177.60","75,999.00","66,118.30","59,326.90","73,234.60","50,980.60","55,383.40","38,021.60","52,428.10","58,407.30","74,446.50",,"756,593.80","120,993.60","78,607.00","71,343.90","67,124.30","61,910.00","64,838.60","66,458.10","65,559.20","58,885.60","19,982.20","63,777.40","101,060.90",,"840,540.70","138,607.00","95,889.10","82,801.60","74,267.70","66,404.20","63,766.90","76,854.40","65,574.80","73,830.80","65,565.20","84,919.20","167,090.00",,"1,055,570.90","104,754.80","125,084.20","93,421.70","78,275.60","36,783.10","62,938.20","73,520.90","65,776.10","64,747.50","51,261.70","49,047.00", -   ,,"805,610.90"
PADD2,,"2,573,896.80","2,135,307.90","2,432,591.60","2,236,060.10","2,225,035.30","2,089,420.90","2,208,755.00","2,206,975.40","2,137,648.30","2,119,614.70","2,220,044.00","2,232,754.20",,"26,818,103.90","2,204,902.60","1,974,153.40","2,196,205.80","1,858,318.00","1,810,868.60","1,794,298.40","1,784,903.40","1,958,037.40","1,696,363.90","2,266,073.30","2,423,192.40","2,447,344.10",,"24,414,661.50","2,033,841.10","2,002,607.40","1,973,942.30","1,739,211.10","1,890,176.50","1,455,112.20","1,523,203.50","1,636,107.50","1,532,684.70","1,757,568.60","1,625,571.30","1,806,926.10",,"20,976,952.30","2,232,712.00","2,033,041.00","2,265,414.10","2,242,105.70","2,303,618.00","2,206,651.10","2,112,650.10","2,074,997.20","1,404,444.70","2,094,598.10","1,944,306.70","2,231,376.50",,"25,145,915.10","2,511,331.60","2,429,603.10","2,092,253.40","2,012,165.10","2,123,388.70","2,091,155.00","2,166,538.20","2,275,977.30","2,033,644.30","2,160,335.60","2,293,458.70","2,280,941.60",,"26,470,792.50","2,952,604.30","2,093,976.30","2,449,584.80","2,278,776.20","2,282,574.40","2,095,742.20","2,232,841.00","2,255,027.20","2,221,216.10","2,427,683.10","1,998,900.50","1,866,012.50",,"27,154,938.70","2,136,930.60","1,993,699.00","1,909,793.20","1,767,495.00","1,679,427.00","1,734,707.30","1,915,558.70","1,872,451.70","1,733,160.90","1,773,530.90","2,139,680.10", -   ,,"20,656,434.30"
PADD3,, -   , -   , -   , -   , -   , -   , -   , -   , -   , -   , -   , -   ,, -   , -   , -   , -   , -   , -   , -   , -   ,11.1, -   , -   , -   , -   ,,11.1,  -    ,  -    ,  -    ,  -    ,  -    ,  -    ,  -    ,  -    ,  -    ,  -    ,  -    ,  -    ,, -   , -   , -   , -   , -   , -   , -   , -   , -   , -   , -   , -   , -   ,, -   , -   , -   , -   , -   , -   , -   , -   , -   , -   , -   , -   , -   ,, -   , -   , -   , -   , -   , -   , -   , -   , -   , -   , -   ,"59,554.00", -   ,,"59,554.00","70,970.70","91,613.90","144,336.50","167,147.40","138,965.10","130,510.70","139,584.80","155,453.90","193,938.40","123,252.30","148,001.20", -   ,,"1,503,774.90"
PADD4,,"645,207.90","523,945.70","602,150.60","559,198.00","551,341.90","527,596.40","537,342.80","487,165.10","467,747.00","458,166.20","402,455.70","541,127.90",,"6,303,445.20","565,621.80","499,068.40","550,075.10","542,373.20","568,036.60","547,972.80","547,633.50","556,074.80","525,406.50","679,278.20","636,845.00","672,424.50",,"6,890,810.20","567,751.50","546,286.70","522,394.10","371,855.40","434,338.90","446,131.00","414,034.50","395,693.20","370,734.50","429,181.50","527,058.90","585,859.60",,"5,611,319.80","761,202.40","668,357.20","698,363.20","668,901.20","641,318.20","573,665.80","624,018.20","541,990.50","415,942.70","676,036.50","654,434.20","677,782.60",,"7,602,012.60","788,010.80","813,247.60","708,612.50","680,523.20","640,599.00","650,289.40","638,915.80","653,081.90","585,901.10","690,419.40","624,701.10","728,615.80",,"8,202,917.50","455,807.40","846,243.20","676,828.60","758,619.30","709,069.40","593,983.30","648,472.40","640,374.00","640,407.50","676,363.60","705,214.70","846,903.30",,"8,198,286.80","835,031.00","577,348.50","677,248.10","762,348.00","700,227.30","714,155.40","721,538.10","749,056.50","705,368.20","680,392.00","187,017.80", -   ,,"7,309,731.00"
PADD5,,"1,134,568.90","941,461.60","1,088,030.60","868,750.10","779,406.50","816,250.10","972,998.70","878,302.70","857,025.30","864,888.30","992,721.40","927,216.30",,"11,121,620.50","957,873.50","826,780.00","969,384.40","986,488.40","990,155.00","1,028,421.20","1,000,789.40","1,058,189.20","1,038,296.70","1,214,328.40","1,153,341.90","1,291,187.30",,"12,515,235.30","1,071,344.40","1,031,987.60","982,341.50","892,641.80","968,188.40","926,041.00","835,293.50","865,819.50","780,518.60","897,730.10","953,768.50","1,060,174.50",,"11,265,849.40","1,458,338.90","1,298,011.30","1,398,991.30","1,184,592.70","1,170,956.50","1,109,666.20","1,169,696.10","1,163,724.40","891,059.10","1,153,043.70","1,166,789.90","1,584,812.30",,"14,749,682.50","1,456,881.00","1,319,899.30","1,300,090.30","1,143,391.90","1,133,356.60","1,022,529.30","1,084,961.10","925,570.50","1,007,199.30","1,155,233.90","1,166,027.20","1,473,214.50",,"14,188,354.90","1,641,447.90","1,123,182.60","1,337,952.10","1,128,861.70","1,071,123.30","1,039,165.10","1,166,240.90","1,103,628.50","1,037,660.10","1,060,269.20","1,161,521.50","876,202.80",,"13,747,255.80","1,401,370.20","1,222,301.90","1,381,155.30","1,169,524.10","925,768.90","1,152,256.70","1,149,409.30","1,298,586.50","1,254,097.50","1,029,953.70","1,097,066.50", -   ,,"13,081,490.60"
Total USA Removals,,"4,470,813.50","3,691,390.00","4,231,649.50","3,738,984.60","3,633,591.20","3,496,900.50","3,798,259.30","3,646,180.40","3,523,844.20","3,513,780.00","3,699,019.10","3,859,421.50",,"45,303,833.80","3,825,836.00","3,376,463.30","3,775,406.20","3,431,525.10","3,376,389.80","3,409,555.50","3,376,189.00","3,619,365.00","3,319,465.90","4,237,697.80","4,285,770.20","4,494,656.60",,"44,528,320.40","3,746,047.10","3,652,435.90","3,539,335.20","3,054,811.10","3,349,275.50","2,878,568.70","2,817,303.50","2,949,143.30","2,726,959.70","3,142,815.50","3,157,556.00","3,509,824.80",,"38,524,076.30","4,535,323.40","4,068,587.10","4,438,767.60","4,161,717.90","4,175,219.60","3,963,217.80","3,957,345.00","3,836,095.50","2,749,468.10","3,976,106.30","3,823,938.10","4,568,417.80",,"48,254,204.10","4,877,217.00","4,641,357.00","4,172,300.10","3,903,204.40","3,959,254.30","3,828,812.30","3,956,873.10","3,920,188.90","3,685,630.30","4,025,971.10","4,147,964.30","4,583,832.80",,"49,702,605.70","5,188,466.60","4,159,291.30","4,547,167.10","4,240,525.00","4,129,171.40","3,792,657.40","4,124,408.70","4,064,604.60","3,973,114.40","4,229,881.00","4,010,110.00","3,756,208.70",,"50,215,606.10","4,549,057.30","4,010,047.60","4,205,954.90","3,944,790.20","3,481,171.40","3,794,568.20","3,999,611.90","4,141,324.70","3,951,312.50","3,658,390.50","3,620,812.50", -   ,,"43,357,041.70"
,,,,,,,,,,,,,,,,,,,,,,,,,,,,,,,,,,,,,,,,,,,,,,,,,,,,,,,,,,,,,,,,,,,,,,,,,,,,,,,,,,,,,,,,,,,,,,,,,,,
Offshore Removals,, -   , -   , -   , -   , -   , -   , -   , -   , -   , -   , -   , -   ,, -   , -   , -   , -   , -   , -   , -   , -   , -   , -   , -   , -   , -   ,, -   , -   , -   , -   , -   , -   , -   , -   , -   , -   , -   , -   , -   ,, -   , -   , -   , -   , -   , -   , -   , -   , -   , -   , -   , -   , -   ,, -   , -   , -   , -   , -   , -   , -   , -   , -   , -   , -   , -   , -   ,, -   , -   , -   , -   , -   , -   , -   , -   , -   , -   , -   , -   , -   ,, -   , -   , -   , -   , -   , -   , -   , -   , -   , -   , -   , -   , -   ,, -   
 Run Date:  26 March 2018,,,,,,,,,,,,,,,Year To Date,,,,,,,,,,,,,,Year To Date,,,,,,,,,,,,,,Year To Date,,,,,,,,,,,,,,Year To Date,,,,,,,,,,,,,,Year To Date,,,,,,,,,,,,,,Year To Date,,,,,,,,,,,,,,Year To Date
,,Jan,Feb,Mar,Apr,May,Jun,Jul,Aug,Sep,Oct,Nov,Dec,,2017,Jan,Feb,Mar,Apr,May,Jun,Jul,Aug,Sep,Oct,Nov,Dec,,2018,Jan,Feb,Mar,Apr,May,Jun,Jul,Aug,Sep,Oct,Nov,Dec,,2019,Jan,Feb,Mar,Apr,May,Jun,Jul,Aug,Sep,Oct,Nov,Dec,,2020,Jan,Feb,Mar,Apr,May,Jun,Jul,Aug,Sep,Oct,Nov,Dec,,2021,Jan,Feb,Mar,Apr,May,Jun,Jul,Aug,Sep,Oct,Nov,Dec,,2022,Jan,Feb,Mar,Apr,May,Jun,Jul,Aug,Sep,Oct,Nov,Dec,,2023
,,,,,,,,,,,,,,,,,,,,,,,,,,,,,,,,,,,,,,,,,,,,,,,,,,,,,,,,,,,,,,,,,,,,,,,,,,,,,,,,,,,,,,,,,,,,,,,,,,,
Total Removals from Alberta,,"6,745,578.00","6,015,110.70","6,595,316.60","6,046,907.70","5,989,794.10","5,907,096.50","6,195,277.60","5,888,150.10","5,861,233.10","5,874,929.70","6,376,783.70","6,648,465.70",,"74,144,643.60","6,882,864.70","6,266,930.10","6,315,058.60","5,642,744.90","5,337,766.70","5,193,569.30","5,381,244.30","5,591,542.00","5,223,472.40","6,883,102.10","7,091,691.70","7,651,486.00",,"73,461,472.90","6,518,658.50","6,266,181.40","5,970,924.10","5,229,013.70","5,378,705.50","4,921,148.30","4,780,148.10","4,946,472.60","4,517,666.10","4,984,042.20","5,415,217.30","6,018,052.20",,"64,946,230.00","7,895,576.80","7,303,862.20","7,402,418.00","6,799,670.80","6,887,577.50","6,554,905.90","6,703,165.20","6,621,862.80","6,543,595.70","7,076,571.50","7,117,906.80","8,458,832.60",,"85,365,945.70","8,714,811.20","8,137,932.40","7,663,182.50","7,010,513.00","7,068,401.70","6,769,634.40","7,160,079.40","7,283,608.90","6,741,105.30","7,418,403.90","7,609,808.00","8,657,667.00",,"90,235,147.70","8,922,924.00","8,005,007.70","8,337,499.90","7,737,727.00","7,404,708.40","7,255,415.10","7,825,469.30","7,624,392.30","7,571,951.00","7,804,509.50","8,151,012.00","9,212,594.40",,"95,853,210.70","8,623,153.70","7,837,064.30","8,231,246.80","7,722,367.40","6,841,479.60","7,137,964.00","7,750,971.40","7,775,570.50","7,451,491.20","7,657,099.70","7,925,593.10", -   ,,"84,954,001.80"
103m3/day,,"217,599.30","214,825.40","212,752.10","201,563.60","193,219.20","196,903.20","199,847.70","189,940.30","195,374.40","189,513.90","212,559.50","214,466.60",,"203,213.80","222,027.90","223,818.90","203,711.60","188,091.50","172,186.00","173,119.00","173,588.50","180,372.30","174,115.70","222,035.60","236,389.70","246,822.10",,"201,356.60","210,279.30","223,792.20","192,610.50","174,300.50","173,506.60","164,038.30","154,198.30","159,563.60","150,588.90","160,775.60","180,507.20","194,130.70",,"177,934.90","254,696.00","260,852.20","238,787.70","226,655.70","222,179.90","218,496.90","216,231.10","213,608.50","218,119.90","228,276.50","237,263.60","272,865.60",,"234,002.80","281,122.90","290,640.40","247,199.40","233,683.80","228,013.00","225,654.50","230,970.30","234,955.10","224,703.50","239,303.40","253,660.30","279,279.60",,"247,432.20","287,836.30","285,893.10","268,951.60","257,924.20","238,861.60","241,847.20","252,434.50","245,948.10","252,398.40","251,758.40","271,700.40","297,180.50",,"262,727.90","278,166.20","279,895.20","265,524.10","257,412.20","220,692.90","237,932.10","250,031.30","250,824.90","248,383.00","247,003.20","264,186.40", -   ,,"254,550.10"
,,,,,,,,,,,,,,,,,,,,,,,,,,,,,,,,,,,,,,,,,,,,,,,,,,,,,,,,,,,,,,,,,,,,,,,,,,,,,,,,,,,,,,,,,,,,,,,,,,,
Reporting Adjustment,,"-127,453.50","-233,180.40","-88,117.80","203,879.00","240,980.50","558,411.60","105,437.00","344,739.50","368,240.00","214,268.70","213,431.60","187,731.10",,"1,988,367.10","190,615.50","-6,911.30","449,547.10","528,882.90","907,346.70","743,260.70","732,746.30","462,324.20","600,735.00","826,465.80","415,532.20","423,763.70",,"6,274,308.70","2,029,015.10","936,315.90","2,124,007.30","2,082,019.70","2,037,488.50","2,213,327.70","2,541,859.20","2,405,871.00","2,273,899.00","1,881,505.00","1,801,967.30","1,487,204.40",,"23,814,480.10","-498,255.30","-107,731.80","-165,006.10","-236,757.80","-142,353.60","-55,947.10","127,003.20","88,185.60","-134,157.10","52,901.00","480,390.60","137,137.40",,"-454,591.00","120,774.00","-263,572.20","466,264.70","408,219.50","522,687.20","634,813.60","805,642.10","687,965.40","1,176,900.20","762,122.10","633,621.70","546,915.10",,"6,502,353.40","322,350.90","479,722.20","568,155.40","964,886.30","981,248.50","690,520.20","442,132.30","278,177.90","682,997.20","671,044.40","624,835.90","1,399,379.40",,"8,105,450.50","208,279.90","1,257,997.70","740,885.70","374,697.50","1,044,771.60","1,074,735.70","1,063,300.50","839,949.10","859,848.60","806,967.30","1,198,629.90", -   ,,"9,470,063.40"
as percent,,-1.10%,-2.28%,-0.79%,2.03%,2.48%,5.82%,1.07%,3.44%,3.71%,2.08%,1.87%,1.56%,,1.58%,1.54%,-0.06%,3.78%,5.05%,8.86%,7.64%,7.21%,4.52%,5.96%,6.66%,3.34%,3.18%,,4.66%,14.60%,7.40%,16.10%,17.70%,17.80%,20.00%,22.20%,20.80%,20.70%,16.30%,14.70%,11.40%,,16.40%,-3.81%,-0.88%,-1.31%,-2.14%,-1.32%,-0.54%,1.19%,0.84%,-1.29%,0.45%,3.79%,0.98%,,-0.32%,0.84%,-1.98%,3.49%,3.40%,4.35%,5.44%,6.50%,5.58%,9.69%,5.81%,4.74%,3.65%,,4.19%,2.13%,3.50%,3.94%,7.08%,7.63%,5.71%,3.47%,2.20%,5.41%,5.02%,4.41%,8.40%,,4.94%,1.41%,8.79%,5.06%,2.96%,8.63%,8.63%,7.99%,6.38%,6.76%,5.98%,8.29%,,,6.40%
,,,,,,,,,,,,,,,,,,,,,,,,,,,,,,,,,,,,,,,,,,,,,,,,,,,,,,,,,,,,,,,,,,,,,,,,,,,,,,,,,,,,,,,,,,,,,,,,,,,
TOTAL NATURAL GAS DISPOSITION,,"11,578,960.00","10,223,136.40","11,152,092.40","10,027,614.40","9,706,580.70","9,596,866.90","9,890,296.50","10,031,176.10","9,918,277.60","10,299,932.70","11,421,077.70","12,036,607.60",,"125,882,619.00","12,392,776.10","11,280,508.30","11,885,119.10","10,465,203.30","10,245,814.50","9,733,230.90","10,169,070.30","10,237,376.70","10,083,374.20","12,407,612.70","12,438,872.70","13,341,716.20",,"134,680,675.00","13,895,171.10","12,625,688.30","13,226,548.10","11,770,031.80","11,434,925.40","11,067,852.20","11,453,301.60","11,592,814.60","10,977,937.70","11,530,606.50","12,216,984.70","12,996,299.40",,"144,788,161.40","13,082,117.30","12,295,438.60","12,618,575.10","11,076,105.60","10,802,499.80","10,268,649.20","10,679,135.70","10,446,965.10","10,362,006.60","11,849,278.60","12,676,074.10","14,052,594.30",,"140,209,440.00","14,460,268.90","13,293,670.60","13,347,632.80","12,007,898.00","12,025,096.30","11,661,345.60","12,400,269.20","12,321,631.40","12,140,627.40","13,109,995.40","13,363,750.20","14,993,456.30",,"155,125,642.10","15,108,200.50","13,722,588.90","14,421,984.50","13,634,001.20","12,853,796.00","12,085,467.60","12,740,461.80","12,618,873.80","12,626,998.50","13,361,485.40","14,161,335.50","16,660,246.90",,"163,995,440.60","14,758,473.60","14,312,508.50","14,632,020.20","12,670,432.30","12,099,292.70","12,460,169.00","13,310,065.60","13,167,334.20","12,720,552.60","13,484,204.20","14,463,048.90", -   ,,"148,078,101.80"
,,,,,,,,,,,,,,,,,,,,,,,,,,,,,,,,,,,,,,,,,,,,,,,,,,,,,,,,,,,,,,,,,,,,,,,,,,,,,,,,,,,,,,,,,,,,,,,,,,,
,,,,,,,,,,,,,,,,,,,,,,,,,,,,,,,,,,,,,,,,,,,,,,,,,,,,,,,,,,,,,,,,,,,,,,,,,,,,,,,,,,,,,,,,,,,,,,,,,,,
Note: Removals from Alberta are calculated by prorating the total pipeline border deliveries to market destinations based on Removal volumes provided by Gas Removal Permit holders.,,,,,,,,,,,,,,,,,,,,,,,,,,,,,,,,,,,,,,,,,,,,,,,,,,,,,,,,,,,,,,,,,,,,,,,,,,,,,,,,,,,,,,,,,,,,,,,,,,,
                   These Removals may refer to the reported disposition to the first destination outside of Alberta. This may not be the final market.,,,,,,,,,,,,,,,,,,,,,,,,,,,,,,,,,,,,,,,,,,,,,,,,,,,,,,,,,,,,,,,,,,,,,,,,,,,,,,,,,,,,,,,,,,,,,,,,,,,