,,,,,,,,Supply and Disposition of NGL,,,,,,,,,,,,,,,,,,,,,,,,,,,,,,,,,,,,,,,,,,,,,,,,,,,,,,,,,,,,,,,,,,,,,,,,,,,,,,,,,,,,,,,,,,,,
,,,,,,,,Unit = m3,,,,,,,,,,,,,,,,,,,,,,,,,,,,,,,,,,,,,,,,,,,,,,,,,,,,,,,,,,,,,,,,,,,,,,,,,,,,,,,,,,,,,,,,,,,,
,,,,,,,,,,,,,,,,,,,,,,,,,,,,,,,,,,,,,,,,,,,,,,,,,,,,,,,,,,,,,,,,,,,,,,,,,,,,,,,,,,,,,,,,,,,,,,,,,,,,
, Run Date:  26 March 2018,,,,,,,,,,,,,,,Year To Date,,,,,,,,,,,,,,,,,,,,,,,,,,,,,,,,,,,,,,,,,,,,,,,,,,,,,,,,,,,,,,,,,,,,,,,,,,,,,,,,,,,,
,,,Jan,Feb,Mar,Apr,May,Jun,Jul,Aug,Sep,Oct,Nov,Dec,,2017,Jan,Feb,Mar,Apr,May,Jun,Jul,Aug,Sep,Oct,Nov,Dec,,2018,Jan,Feb,Mar,Apr,May,Jun,Jul,Aug,Sep,Oct,Nov,Dec,,2019,Jan,Feb,Mar,Apr,May,Jun,Jul,Aug,Sep,Oct,Nov,Dec,,2020,Jan,Feb,Mar,Apr,May,Jun,Jul,Aug,Sep,Oct,Nov,Dec,,2021,Jan,Feb,Mar,Apr,May,Jun,Jul,Aug,Sep,Oct,Nov,Dec,,2022,Jan,Feb,Mar,Apr,May,Jun,Jul,Aug,Sep,Oct,Nov,Dec,,2023
,Supply,,,,,,,,,,,,,,,,,,,,,,,,,,,,,,,,,,,,,,,,,,,,,,,,,,,,,,,,,,,,,,,,,,,,,,,,,,,,,,,,,,,,,,,,,,,,,,,,,,,
,,Opening Inventory,"578,202.40","494,874.30","379,897.90","384,956.80","528,499.60","560,887.40","587,259.40","480,343.60","461,309.40","523,978.40","417,055.60","487,926.20",,"578,202.40","607,862.90","489,981.60","494,948.80","341,427.10","380,551.90","568,125.60","692,912.90","777,851.40","751,969.20","892,669.20","823,472.60","741,543.90",,"607,862.90","589,625.50","444,795.70","395,459.50","382,218.20","434,126.70","365,807.10","367,531.00","382,052.00","393,812.50","524,971.90","447,596.30","397,137.70",,"589,625.50","398,254.60","477,187.80","429,878.90","532,487.10","482,499.40","612,039.30","659,675.40","704,829.90","847,480.80","716,227.30","538,372.70","539,963.20",,"398,254.60","569,279.30","546,488.10","505,603.60","532,140.30","642,282.40","713,137.60","898,473.90","967,212.90","1,117,886.30","1,095,757.00","877,453.90","818,655.90",,"569,279.30","736,164.90","728,527.00","696,388.80","672,716.10","722,111.70","722,000.00","630,633.50","655,692.30","661,326.80","782,683.10","652,971.80","623,242.50",,"736,164.90","672,669.20","512,420.10","439,265.30","393,183.40","460,762.40","491,680.30","533,843.60","618,580.40","731,785.00","1,051,198.20","804,167.10", -   ,,"672,669.20"
,,,,,,,,,,,,,,,,,,,,,,,,,,,,,,,,,,,,,,,,,,,,,,,,,,,,,,,,,,,,,,,,,,,,,,,,,,,,,,,,,,,,,,,,,,,,,,,,,,,,
,,Production,,,,,,,,,,,,,,,,,,,,,,,,,,,,,,,,,,,,,,,,,,,,,,,,,,,,,,,,,,,,,,,,,,,,,,,,,,,,,,,,,,,,,,,,,,,,,,,,,,
,,Plant/Gathering System Process,"1,783,871.80","1,578,397.90","1,809,248.10","1,627,159.30","1,636,067.40","1,519,140.50","1,732,927.00","1,665,998.70","1,695,247.60","1,720,594.00","1,716,337.70","1,861,086.60",,"20,346,076.60","1,827,842.80","1,625,225.50","1,780,341.70","1,731,343.70","1,657,663.70","1,579,378.30","1,722,134.90","1,856,736.20","1,776,405.60","1,894,907.80","1,861,215.40","2,009,587.80",,"21,322,783.40","1,932,159.50","1,645,726.60","1,938,105.70","1,814,875.40","1,840,722.60","1,807,231.70","1,805,331.90","1,921,931.80","1,810,063.30","1,774,720.00","1,886,892.70","1,941,568.20",,"22,119,329.40","1,880,051.20","1,831,212.10","1,877,281.50","1,803,837.80","1,791,269.60","1,742,361.40","1,821,493.10","1,793,711.90","1,669,000.20","1,784,601.30","1,807,189.30","1,887,391.50",,"21,689,400.90","1,942,578.90","1,674,698.50","1,927,439.60","1,867,991.00","1,844,777.00","1,733,477.10","1,807,959.10","1,785,001.30","1,525,721.20","1,806,588.20","1,828,656.70","1,853,962.80",,"21,598,851.40","1,896,645.50","1,786,915.90","2,054,617.40","1,970,785.70","1,816,217.80","1,808,994.80","1,956,063.90","1,880,340.90","1,892,056.60","1,984,118.30","1,876,308.20","1,976,185.20",,"22,899,250.20","1,987,105.20","1,784,053.00","1,980,901.90","1,808,522.50","1,570,175.40","1,728,529.90","2,133,273.10","2,075,912.50","1,878,447.90","1,988,595.30","2,000,292.40", -   ,,"20,935,809.10"
,,Oil Sands Facility Process,"144,477.20","127,869.50","100,834.00","93,626.40","132,206.90","160,265.60","167,509.70","150,937.20","125,055.50","104,843.20","169,394.00","170,989.40",,"1,648,008.60","114,878.80","169,252.40","196,946.90","123,801.30","131,389.60","151,046.60","206,439.30","185,573.20","114,820.70","174,054.20","175,847.00","164,141.20",,"1,908,191.20","195,620.90","138,096.60","178,441.20","157,306.00","116,345.20","154,516.50","131,227.00","185,386.60","65,506.20","136,689.00","153,657.80","173,488.70",,"1,786,281.70","171,237.90","174,578.80","190,174.20","179,583.30","181,425.40","172,031.70","178,589.70","158,201.80","131,592.80","149,404.30","169,898.80","197,241.60",,"2,053,960.30","192,862.90","161,616.80","176,180.50","116,975.40","172,653.30","176,694.00","179,422.20","82,927.00","118,131.90","148,416.00","150,250.90","148,543.00",,"1,824,673.90","197,182.10","172,517.00","199,088.50","190,712.10","133,607.80","154,685.10","178,682.30","194,137.60","162,602.30","150,994.90","193,212.30","186,911.10",,"2,114,333.10","162,216.50","178,992.40","193,473.20","177,889.20","156,768.00","149,154.80","183,730.00","177,821.80","68,214.40","122,496.80","171,627.20", -   ,,"1,742,384.30"
,,Fractionation Yield,"-1,625,776.60","-1,480,065.70","-1,568,293.00","-1,350,744.80","-1,546,718.80","-1,409,688.80","-1,662,170.90","-1,619,028.90","-1,564,924.10","-1,725,769.10","-1,644,901.10","-1,762,419.90",,"-18,960,501.70","-1,840,359.50","-1,657,296.90","-1,934,766.30","-1,765,047.10","-1,586,517.90","-1,661,892.10","-1,893,479.40","-1,988,318.60","-1,674,950.80","-2,034,022.70","-2,014,344.30","-2,153,507.90",,"-22,204,503.50","-2,117,847.30","-1,765,853.60","-2,035,039.80","-1,878,506.20","-1,997,738.50","-1,930,311.00","-1,894,402.40","-2,101,929.20","-1,756,764.80","-1,938,735.40","-2,010,350.30","-2,065,935.30",,"-23,493,413.80","-1,907,913.60","-2,009,631.60","-1,998,781.10","-1,865,283.20","-1,769,805.40","-1,938,348.90","-1,983,566.90","-1,865,775.40","-1,832,657.90","-2,052,294.10","-1,985,818.90","-2,049,638.60",,"-23,259,515.60","-2,182,010.20","-1,890,712.70","-2,131,173.60","-1,971,493.50","-2,044,952.40","-1,820,526.50","-2,100,271.60","-1,843,264.70","-1,689,203.10","-1,987,846.70","-1,958,396.90","-2,100,736.80",,"-23,720,588.70","-2,233,101.20","-2,035,663.90","-2,237,375.60","-2,090,689.90","-2,049,087.70","-2,166,889.20","-2,226,689.00","-2,132,282.90","-1,867,473.50","-2,228,826.40","-2,201,569.50","-2,177,244.40",,"-25,646,893.20","-2,350,420.70","-1,934,616.20","-2,320,405.70","-2,100,345.90","-1,895,823.30","-2,049,611.20","-2,240,016.10","-2,267,569.20","-1,848,922.30","-2,487,137.30","-2,423,637.20", -   ,,"-23,918,505.10"
,,Refinery Process,"43,243.40","50,604.50","50,536.80","52,901.90","62,855.50","60,381.00","67,641.40","72,777.30","66,026.50","79,666.70","64,588.40","72,084.30",,"743,307.70","83,323.30","79,127.50","88,428.10","35,660.40","24,762.40","60,874.70","63,126.70","63,824.40","70,131.80","68,608.80","67,921.20","67,614.50",,"773,403.80","62,116.50","53,442.80","67,123.70","69,488.10","81,544.80","76,046.20","71,898.70","68,720.20","55,200.30","66,430.40","75,589.00","80,610.90",,"828,211.60","62,909.60","59,337.20","77,413.70","53,241.10","57,483.00","77,931.10","51,926.40","30,426.00","41,162.40","41,852.70","64,542.70","75,510.00",,"693,735.90","74,624.90","64,819.80","75,935.60","81,243.80","73,243.00","67,622.90","69,776.30","71,849.40","20,576.00","35,492.30","49,658.60","69,383.10",,"754,225.70","34,193.40","55,946.40","56,411.30","47,312.90","46,410.70","60,243.80","66,947.90","60,259.30","63,711.70","72,162.80","49,492.10","60,163.00",,"673,255.30","62,361.40","65,912.60","70,674.00","62,934.70","65,843.30","64,038.60","63,707.90","63,448.80","45,057.10","6,057.90","52,262.40", -   ,,"622,298.70"
,,Total Production,"345,815.80","276,806.20","392,325.90","422,942.80","284,411.00","330,098.30","305,907.20","270,684.30","321,405.50","179,334.80","305,419.00","341,740.40",,"3,776,891.20","185,685.40","216,308.50","130,950.40","125,758.30","227,297.80","129,407.50","98,221.50","117,815.20","286,407.30","103,548.10","90,639.30","87,835.60",,"1,799,874.90","72,049.60","71,412.40","148,630.80","163,163.30","40,874.10","107,483.40","114,055.20","74,109.40","174,005.00","39,104.00","105,789.20","129,732.50",,"1,240,408.90","206,285.10","55,496.50","146,088.30","171,379.00","260,372.60","53,975.30","68,442.30","116,564.30","9,097.50","-76,435.80","55,811.90","110,504.50",,"1,177,581.50","28,056.50","10,422.40","48,382.10","94,716.70","45,720.90","157,267.50","-43,114.00","96,513.00","-24,774.00","2,649.80","70,169.30","-28,847.90",,"457,162.30","-105,080.20","-20,284.60","72,741.60","118,120.80","-52,851.40","-142,965.50","-24,994.90","2,454.90","250,897.10","-21,550.40","-82,556.90","46,014.90",,"39,945.40","-138,737.60","94,341.80","-75,356.60","-50,999.50","-103,036.60","-107,887.90","140,694.90","49,613.90","142,797.10","-369,987.30","-199,455.20", -   ,,"-618,013.00"
,,,,,,,,,,,,,,,,,,,,,,,,,,,,,,,,,,,,,,,,,,,,,,,,,,,,,,,,,,,,,,,,,,,,,,,,,,,,,,,,,,,,,,,,,,,,,,,,,,,,
,,Intra-Alberta Receipts,"17,254.90","30,785.00","44,281.10","51,888.40","68,518.30","59,295.30","70,055.90","68,740.50","59,875.20","35,915.20","21,842.10","38,212.40",,"566,664.30","45,167.80","50,363.30","67,043.20","49,835.20","31,665.80","60,306.10","57,710.20","65,578.00","70,339.90","36,364.20","47,693.50","48,670.50",,"630,737.70","62,097.00","63,971.20","68,278.20","76,661.20","80,715.00","106,656.40","91,654.30","91,036.80","54,223.90","52,417.60","57,673.30","67,397.30",,"872,782.20","63,336.10","54,189.10","78,219.20","73,948.60","74,928.70","89,551.40","67,573.40","50,186.40","78,503.90","70,079.40","84,650.90","77,423.50",,"862,590.60","86,560.70","66,513.60","85,422.40","100,385.00","107,167.30","101,171.10","96,977.30","75,374.40","64,074.30","34,074.40","33,119.80","66,579.00",,"917,419.30","52,708.90","69,581.70","75,538.80","85,278.80","92,829.20","87,302.10","87,412.20","66,797.40","61,492.50","59,897.00","110,445.00","67,506.50",,"916,790.10","73,882.40","67,262.00","80,375.80","79,476.90","89,252.60","86,393.40","92,004.00","86,837.00","53,323.60","28,785.30","57,243.80", -   ,,"794,836.80"
,,,,,,,,,,,,,,,,,,,,,,,,,,,,,,,,,,,,,,,,,,,,,,,,,,,,,,,,,,,,,,,,,,,,,,,,,,,,,,,,,,,,,,,,,,,,,,,,,,,,
,,Flare/Fuel/Vent, -   , -   , -   , -   , -   , -   , -   , -   , -   , -   , -   , -   ,, -   , -   , -   , -   , -   , -   , -   , -   , -   , -   , -   , -   , -   ,, -   , -   , -   , -   , -   , -   , -   , -   , -   , -   , -   , -   , -   ,, -   , -   , -   , -   , -   , -   , -   , -   , -   , -   , -   , -   , -   ,, -   , -   , -   , -   , -   , -   , -   , -   , -   , -   , -   , -   , -   ,, -   , -   , -   , -   , -   , -   , -   , -   , -   , -   , -   , -   , -   ,, -   , -   , -   , -   , -   , -   ,4.7, -   , -   , -   , -   ,12, -   ,,16.7
,,,,,,,,,,,,,,,,,,,,,,,,,,,,,,,,,,,,,,,,,,,,,,,,,,,,,,,,,,,,,,,,,,,,,,,,,,,,,,,,,,,,,,,,,,,,,,,,,,,,
,,Imports,"245,347.20","220,489.30","241,886.80","222,414.00","225,886.70","150,704.00","197,400.40","267,597.70","264,970.10","315,328.70","317,849.90","344,499.60",,"3,014,374.40","338,638.80","316,960.20","292,968.10","344,520.20","354,168.10","344,390.80","386,721.50","373,425.90","374,764.70","399,367.70","368,410.80","434,975.90",,"4,329,312.70","410,145.60","356,888.30","410,837.10","393,969.90","357,776.00","377,502.90","375,187.70","368,297.20","377,200.70","403,111.40","392,764.80","408,977.70",,"4,632,659.30","394,336.50","378,081.10","407,298.20","351,478.60","340,526.00","368,788.70","359,366.80","369,013.90","280,886.50","310,188.00","355,881.50","414,497.40",,"4,330,343.20","441,977.10","381,588.00","427,866.80","407,951.00","427,040.70","371,251.40","375,008.20","392,065.70","325,456.40","271,604.50","368,659.80","390,030.70",,"4,580,500.30","394,986.50","352,280.80","388,231.30","383,859.80","391,806.60","422,187.50","397,932.10","408,860.40","362,393.00","417,707.50","400,897.50","403,001.40",,"4,724,144.40","270,726.70","131,676.20","276,381.00","309,134.70","338,550.10","395,202.40","407,614.60","425,954.10","400,243.50","406,748.80","392,111.00", -   ,,"3,754,343.10"
,,,,,,,,,,,,,,,,,,,,,,,,,,,,,,,,,,,,,,,,,,,,,,,,,,,,,,,,,,,,,,,,,,,,,,,,,,,,,,,,,,,,,,,,,,,,,,,,,,,,
,,Closing Inventory,"494,874.30","379,897.90","384,956.80","528,499.60","560,887.40","587,259.40","480,343.60","461,309.40","523,978.40","417,055.60","487,926.20","607,862.90",,"607,862.90","489,981.60","494,948.80","341,427.10","380,551.90","568,125.60","692,912.90","777,851.40","751,969.20","892,669.20","823,472.60","741,543.90","589,637.20",,"589,637.20","444,795.70","395,459.50","382,218.20","434,126.70","365,807.10","367,531.00","382,052.00","393,812.50","524,971.90","447,596.30","397,137.70","398,255.30",,"398,255.30","477,187.80","429,878.90","532,487.10","482,499.40","612,039.30","659,675.40","704,829.90","847,480.80","716,227.30","538,372.70","539,963.20","570,054.50",,"570,054.50","546,488.10","505,603.60","532,140.30","642,282.40","713,137.60","898,473.90","967,212.90","1,117,886.30","1,095,757.00","877,453.90","818,655.90","735,786.40",,"735,786.40","728,527.00","696,388.80","672,716.10","722,111.70","722,000.00","630,633.50","655,692.30","661,326.80","782,683.10","652,971.80","623,242.50","669,210.00",,"669,210.00","512,420.10","439,265.30","393,183.40","460,762.40","491,680.30","533,843.60","618,580.40","731,785.00","1,051,198.20","804,167.10","728,571.70", -   ,,"728,571.70"
,,Adjustments,"-155,759.10","-142,576.40","-142,397.90","-104,810.60","-105,436.50","-135,728.30","-140,427.30","-109,289.90","-121,399.00","-118,803.70","-91,347.90","-106,843.90",,"-1,474,820.50","-145,528.90","-36,022.50","-53,782.00","-40,676.40","-8,633.90","-56,576.50","-60,178.80","-104,458.90","-37,351.40","26,439.80","-25,531.90","14,563.40",,"-527,738.00","-34,507.10","-11,587.30","-49,726.80","-55,741.60","5,692.10","-19,236.70","-4,021.80","-5,849.40","7,657.80","-15,735.60","-25,993.50","4,828.20",,"-204,221.70","-5,972.40","-13,657.60","-2,408.00","-83,687.10","-47,246.30","-13,888.70","17,296.80","-5,827.50","29,303.30","-6,531.70","16,709.40","-4,230.10",,"-120,139.90","-17,992.50","-19,746.60","-18,952.20","5,472.70","-1,687.40","-4,301.80","-4,088.40","-23,941.20","-3,153.30","-1,236.80","-12,048.90","-4,702.90",,"-106,379.30","-6,349.00",-872.7,"-4,073.80","3,999.30","5,584.10","-11,922.90","-4,072.30","-6,329.90","-12,129.70","-6,330.30","61,958.60","74,300.90",,"93,762.30","80,673.00","77,128.70","82,401.90","78,242.10","109,741.60","103,925.50","5,177.00","13,678.40","106,113.90","70,354.30","61,601.50", -   ,,"789,037.90"
,,,,,,,,,,,,,,,,,,,,,,,,,,,,,,,,,,,,,,,,,,,,,,,,,,,,,,,,,,,,,,,,,,,,,,,,,,,,,,,,,,,,,,,,,,,,,,,,,,,,
,,TOTAL SUPPLY,"535,986.90","500,480.50","531,037.00","448,891.80","440,991.70","377,997.30","539,852.00","516,766.80","462,182.80","518,697.80","482,892.50","497,671.80",,"5,853,448.90","541,844.40","542,642.30","590,701.40","440,312.50","416,924.10","352,740.60","397,535.90","478,242.40","553,460.50","634,916.40","563,140.40","737,952.10",,"6,250,413.00","654,614.90","530,020.80","591,260.60","526,144.30","553,376.80","570,682.10","562,354.40","515,833.50","481,928.00","556,273.00","580,692.40","609,818.10",,"6,732,998.90","579,052.10","521,418.00","526,589.50","563,106.80","499,041.10","450,790.60","467,524.80","387,286.20","529,044.70","475,154.50","511,463.20","568,104.00",,"6,078,575.50","561,393.00","479,661.90","516,182.40","498,383.30","507,386.30","440,051.90","356,044.10","389,338.50","383,732.70","525,395.00","518,698.00","505,928.40",,"5,682,195.50","343,904.10","432,843.40","556,110.60","541,863.10","437,480.20","445,967.70","431,218.30","466,148.30","541,296.60","579,435.10","520,473.50","544,856.20",,"5,841,597.10","446,793.60","443,563.50","409,884.00","348,275.20","403,589.80","435,465.40","560,753.70","462,878.80","383,064.90","382,932.20","387,084.50", -   ,,"4,664,285.60"
,,,,,,,,,,,,,,,,,,,,,,,,,,,,,,,,,,,,,,,,,,,,,,,,,,,,,,,,,,,,,,,,,,,,,,,,,,,,,,,,,,,,,,,,,,,,,,,,,,,,
,Disposition,,,,,,,,,,,,,,,,,,,,,,,,,,,,,,,,,,,,,,,,,,,,,,,,,,,,,,,,,,,,,,,,,,,,,,,,,,,,,,,,,,,,,,,,,,,,,,,,,,,
,,Alberta Use,,,,,,,,,,,,,,,,,,,,,,,,,,,,,,,,,,,,,,,,,,,,,,,,,,,,,,,,,,,,,,,,,,,,,,,,,,,,,,,,,,,,,,,,,,,,,,,,,,
,,NGL Reported as Oil & Equivalent ,247.3,264.6,355.7,389.5,402,437.1,701.2,499.2,535.4,491.2,598,532,,"5,453.20",504.7,430.5,510.9,507,567.5,446,481.1,485.5,23.4,123.9,569.2,552,,"5,201.70",74.9,485.4,624.7,184.4,528,337.7,681.8,449.2,164.5,18.4,147.4,184.4,,"3,880.80",78.1,52.6,410.5,122.9,119,8.9,22.6,27.8,37.8,215.7,353.3,387.8,,"1,837.00",89.5,53.2,59.1,101.1,86.1,36.4,55.4,29.6,30.3,231.5,130.3,53.7,,956.2,30.1,51.7,72.6,66.9,90,31.4,57.1,16.2,26.6,63.9,37.9,"1,827.70",,"2,372.10",22.1,46.8,21.5,19.8,20.4,17.5,34.8,10.6,21.3,14.9, -   , -   ,,229.7
,,NGL Injection,"54,793.50","43,114.70","36,819.40","16,789.90","16,665.40","17,955.00","14,140.00","13,192.20","8,308.50","12,402.40","11,494.10","14,107.50",,"259,782.60","8,124.00","10,426.50","10,556.70","8,665.50","4,082.30","4,560.30","5,042.20","2,701.50","3,641.70","3,237.90","5,425.40","6,406.50",,"72,870.50","12,165.30","9,470.10","12,206.30","9,274.40","13,820.90","24,709.50","21,874.90","22,718.50","19,408.50","22,286.80","20,885.90","22,550.40",,"211,371.50","27,715.80","20,705.10","22,051.50","22,670.90","20,958.40","17,815.80","16,339.10","15,982.10","18,031.10","17,824.90","13,760.60","13,570.00",,"227,425.30","16,986.90","16,215.20","13,191.60","12,810.20","12,983.30","15,461.00","12,889.10","11,395.50","16,175.80","19,940.20","14,951.80","11,102.60",,"174,103.20","12,737.30","9,025.00","8,302.70","8,341.10","7,925.90","2,602.10","5,307.40","5,060.50","2,753.00","3,569.60","3,920.40","5,803.80",,"75,348.80","4,010.00","3,285.40","3,128.60","3,007.70","2,872.80","2,519.40",802.1,658.6,542.9,"1,217.70",529.7, -   ,,"22,574.90"
,,Oil Sands Facilities,"4,083.90","2,981.10","3,638.10","2,020.80","3,722.90","4,497.90","5,998.20","3,539.50",897.2,"5,631.00","5,550.40","3,508.50",,"46,069.50","4,012.80","2,754.00","3,471.60","4,404.90","2,453.30","1,614.80","5,254.10","4,357.70","3,248.30","5,443.70","5,065.20","2,977.80",,"45,058.20","3,351.60","2,799.20","2,962.00","2,655.30","2,767.80","3,970.00","3,962.50","2,159.30",958.5,"3,961.70","3,184.40","3,478.50",,"36,210.80","3,119.30","5,865.60","2,476.10",276,"2,755.50","4,782.00","5,003.80","5,141.10","3,528.90","6,849.00","2,887.90","3,544.40",,"46,229.60","2,773.70",908.4,"4,490.90","1,677.20","2,563.90","5,484.10","6,525.70","4,776.40","4,074.80","3,299.10","3,718.00","2,463.70",,"42,755.90","2,639.60","2,573.90","3,110.20",537.4,"1,788.00","4,550.50","4,581.20","5,419.10","3,820.00","4,601.20","3,018.40","2,562.80",,"39,202.30","3,767.80","1,610.80",720.8,"1,369.70","2,123.40","4,977.00","5,613.60","3,391.10","3,687.80","2,618.60","3,803.80", -   ,,"33,684.40"
,,Alberta Other Sales  ,"67,785.00","73,010.00","76,543.80","59,438.30","78,186.60","82,734.40","93,433.30","94,659.00","79,532.40","101,203.80","79,220.10","107,031.90",,"992,778.60","109,948.70","106,124.20","123,603.00","66,194.70","48,190.10","68,950.20","91,612.30","122,391.90","121,170.80","119,365.50","124,487.10","163,726.70",,"1,265,765.20","160,523.00","131,843.00","153,160.30","143,951.80","158,142.00","148,942.30","135,094.50","145,703.50","133,389.60","145,187.20","141,646.50","160,944.20",,"1,758,527.90","141,693.60","121,893.20","149,248.80","118,219.00","135,254.50","136,622.70","117,951.60","104,520.10","115,210.50","96,731.60","102,983.10","121,773.50",,"1,462,102.20","125,352.40","112,955.80","150,107.40","146,311.10","117,507.00","136,616.90","108,805.30","138,256.80","74,155.60","96,100.10","106,498.90","115,682.60",,"1,428,349.90","91,736.00","128,161.00","136,208.40","108,510.90","114,591.10","127,486.80","136,034.70","90,409.60","77,856.50","128,166.50","72,295.80","77,453.60",,"1,288,910.90","87,225.80","87,229.00","92,338.50","83,927.80","86,257.70","84,812.40","87,067.80","84,353.20","63,492.70","27,280.00","70,379.60", -   ,,"854,364.50"
,,Total Alberta Use,"126,909.70","119,370.40","117,357.00","78,638.50","98,976.90","105,624.40","114,272.70","111,889.90","89,273.50","119,728.40","96,862.60","125,179.90",,"1,304,083.90","122,590.20","119,735.20","138,142.20","79,772.10","55,293.20","75,571.30","102,389.70","129,936.60","128,084.20","128,171.00","135,546.90","173,663.00",,"1,388,895.60","176,114.80","144,597.70","168,953.30","156,065.90","175,258.70","177,959.50","161,613.70","171,030.50","153,921.10","171,454.10","165,864.20","187,157.50",,"2,009,991.00","172,606.80","148,516.50","174,186.90","141,288.80","159,087.40","159,229.40","139,317.10","125,671.10","136,808.30","121,621.20","119,984.90","139,275.70",,"1,737,594.10","145,202.50","130,132.60","167,849.00","160,899.60","133,140.30","157,598.40","128,275.50","154,458.30","94,436.50","119,570.90","125,299.00","129,302.60",,"1,646,165.20","107,143.00","139,811.60","147,693.90","117,456.30","124,395.00","134,670.80","145,980.40","100,905.40","84,456.10","136,401.20","79,272.50","87,647.90",,"1,405,834.10","95,025.70","92,172.00","96,209.40","88,325.00","91,274.30","92,326.30","93,518.30","88,413.50","67,744.70","31,131.20","74,713.10", -   ,,"910,853.50"
,,,,,,,,,,,,,,,,,,,,,,,,,,,,,,,,,,,,,,,,,,,,,,,,,,,,,,,,,,,,,,,,,,,,,,,,,,,,,,,,,,,,,,,,,,,,,,,,,,,,
,,Total Removals From Alberta,"409,110.90","381,138.30","413,715.70","370,280.20","341,325.10","272,406.00","425,592.40","404,897.10","372,952.90","399,005.60","386,056.70","372,588.20",,"4,549,069.10","419,291.30","422,937.70","452,615.00","360,573.40","361,665.70","277,201.00","295,177.70","348,321.60","425,425.40","506,813.90","427,656.60","564,347.50",,"4,862,026.80","478,557.10","384,332.50","418,426.70","364,936.70","372,741.20","387,534.20","395,086.70","341,108.20","325,976.60","382,774.60","413,746.70","421,564.20",,"4,686,785.40","405,450.00","372,157.10","351,668.20","421,832.30","339,954.20","291,586.90","328,225.50","261,779.50","392,227.30","353,518.90","391,464.20","428,815.50",,"4,338,679.60","416,178.90","349,511.00","348,310.60","337,461.30","374,234.90","282,436.00","227,790.20","234,894.90","288,130.90","384,228.40","374,038.00","376,520.40",,"3,993,735.50","236,770.20","293,043.20","408,426.10","423,698.10","310,237.30","311,298.90","285,873.80","365,292.70","457,050.40","443,219.60","441,373.60","457,181.70",,"4,433,465.60","350,392.70","342,572.40","298,933.50","247,401.60","300,571.10","327,512.40","429,072.90","373,562.70","315,521.60","351,764.90","312,612.40", -   ,,"3,649,918.20"
  ,,,,,,,,,,,,,,,,,,,,,,,,,,,,,,,,,,,,,,,,,,,,,,,,,,,,,,,,,,,,,,,,,,,,,,,,,,,,,,,,,,,,,,,,,,,,,,,,,,,,
,,Reporting Adjustment,-33.7,-28.2,-35.7,-26.9,689.7,-33.1,-13.1,-20.2,-43.6,-36.2,-26.8,-96.3,,295.9,-37.1,-30.6,-55.8,-33,-34.8,-31.7,-31.5,-15.8,-49.1,-68.5,-63.1,-58.4,,-509.4,-57,"1,090.60","3,880.60","5,141.70","5,376.90","5,188.40","5,654.00","3,694.80","2,030.30","2,044.30","1,081.50","1,096.40",,"36,222.50",995.3,744.4,734.4,-14.3,-0.5,-25.7,-17.8,-164.4,9.1,14.4,14.1,12.8,,"2,301.80",11.6,18.3,22.8,22.4,11.1,17.5,-21.6,-14.7,"1,165.30","21,595.70","19,361.00",105.4,,"42,294.80",-9.1,-11.4,-9.4,708.7,"2,847.90",-2,-635.9,-49.8,-209.9,-185.7,-172.6,26.6,,"2,297.40","1,375.20","8,819.10","14,741.10","12,548.60","11,744.40","15,626.70","38,162.50",902.6,-201.4,36.1,-241, -   ,,"103,513.90"
,,as percent,-0.01%,-0.01%,-0.01%,-0.01%,0.16%,-0.01%,0.00%,0.00%,-0.01%,-0.01%,-0.01%,-0.02%,,0.01%,-0.01%,-0.01%,-0.01%,-0.01%,-0.01%,-0.01%,-0.01%,0.00%,-0.01%,-0.01%,-0.01%,-0.01%,,-0.01%,0.00%,0.20%,0.70%,1.00%,1.00%,0.90%,1.00%,0.70%,0.40%,0.40%,0.20%,0.20%,,0.50%,0.20%,0.10%,0.10%,0.00%,0.00%,0.00%,0.00%,0.00%,0.00%,0.00%,0.00%,0.00%,,0.00%,0.00%,0.00%,0.00%,0.00%,0.00%,0.00%,0.00%,0.00%,0.30%,4.10%,3.70%,0.00%,,0.70%,0.00%,0.00%,0.00%,0.10%,0.70%,0.00%,-0.10%,0.00%,0.00%,0.00%,0.00%,0.00%,,0.00%,0.30%,2.00%,3.60%,3.60%,2.90%,3.60%,6.80%,0.20%,-0.10%,0.00%,-0.10%,,,2.20%
,,,,,,,,,,,,,,,,,,,,,,,,,,,,,,,,,,,,,,,,,,,,,,,,,,,,,,,,,,,,,,,,,,,,,,,,,,,,,,,,,,,,,,,,,,,,,,,,,,,,
,,TOTAL DISPOSITION,"535,986.90","500,480.50","531,037.00","448,891.80","440,991.70","377,997.30","539,852.00","516,766.80","462,182.80","518,697.80","482,892.50","497,671.80",,"5,853,448.90","541,844.40","542,642.30","590,701.40","440,312.50","416,924.10","352,740.60","397,535.90","478,242.40","553,460.50","634,916.40","563,140.40","737,952.10",,"6,250,413.00","654,614.90","530,020.80","591,260.60","526,144.30","553,376.80","570,682.10","562,354.40","515,833.50","481,928.00","556,273.00","580,692.40","609,818.10",,"6,732,998.90","579,052.10","521,418.00","526,589.50","563,106.80","499,041.10","450,790.60","467,524.80","387,286.20","529,044.70","475,154.50","511,463.20","568,104.00",,"6,078,575.50","561,393.00","479,661.90","516,182.40","498,383.30","507,386.30","440,051.90","356,044.10","389,338.50","383,732.70","525,395.00","518,698.00","505,928.40",,"5,682,195.50","343,904.10","432,843.40","556,110.60","541,863.10","437,480.20","445,967.70","431,218.30","466,148.30","541,296.60","579,435.10","520,473.50","544,856.20",,"5,841,597.10","446,793.60","443,563.50","409,884.00","348,275.20","403,589.80","435,465.40","560,753.70","462,878.80","383,064.90","382,932.20","387,084.50", -   ,,"4,664,285.60"
,,,,,,,,,,,,,,,,,,,,,,,,,,,,,,,,,,,,,,,,,,,,,,,,,,,,,,,,,,,,,,,,,,,,,,,,,,,,,,,,,,,,,,,,,,,,,,,,,,,,
,,,,,,,,,,,,,,,,,,,,,,,,,,,,,,,,,,,,,,,,,,,,,,,,,,,,,,,,,,,,,,,,,,,,,,,,,,,,,,,,,,,,,,,,,,,,,,,,,,,,
,,Note:  All NGL removal volumes from Alberta are aggregated as specific destinations are not available. ,,,,,,,,,,,,,,,,,,,,,,,,,,,,,,,,,,,,,,,,,,,,,,,,,,,,,,,,,,,,,,,,,,,,,,,,,,,,,,,,,,,,,,,,,,,,,,,,,,